abandon	GIVE-UP_ABOLISH_ABANDON	DISCARD	CHANGE_SWITCH
abase	DOWNPLAY_HUMILIATE
abate	REDUCE_DIMINISH
abdicate	GIVE-UP_ABOLISH_ABANDON
abduct	REMOVE_TAKE-AWAY_KIDNAP
abet	INCITE_INDUCE
abhor	DISLIKE
abide	OBEY
able	EXIST-WITH-FEATURE
abolish	GIVE-UP_ABOLISH_ABANDON
abominate	DISLIKE
abort	STOP
abound	EXIST-WITH-FEATURE
abridge	REDUCE_DIMINISH
absent	LEAVE_DEPART_RUN-AWAY
absolve	PARDON
absorb	ABSORB
abstain	ABSTAIN_AVOID_REFRAIN
abuse	SPEAK
abut	BORDER
accede	AGREE_ACCEPT
accelerate	SPEED-UP
accent	EMPHASIZE
accentuate	EMPHASIZE
accept	AGREE_ACCEPT
access	ENTER
accessorize	LOAD_PROVIDE_CHARGE_FURNISH
acclaim	APPROVE_PRAISE
accommodate	LOAD_PROVIDE_CHARGE_FURNISH
accompany	ACCOMPANY
accomplish	ACHIEVE
accord	GIVE_GIFT
account	AMELIORATE
accredit	LOAD_PROVIDE_CHARGE_FURNISH
accrete	INCREASE_ENLARGE_MULTIPLY
accrue	INCREASE_ENLARGE_MULTIPLY
accumulate	AMASS
accuse	ACCUSE
accustom	CAUSE-MENTAL-STATE
ache	HURT_HARM_ACHE
achieve	ACHIEVE
acidify	CONVERT
acknowledge	RECOGNIZE_ADMIT_IDENTIFY
acquaint	KNOW
acquiesce	AGREE_ACCEPT
acquire	OBTAIN
acquit	SUBJECTIVE-JUDGING
act	CARRY-OUT-ACTION	BEHAVE
activate	OPERATE
actualize	CREATE_MATERIALIZE
adapt	ADJUST_CORRECT
add	REACH	ADD	SPEAK
addict	CAUSE-SMT
address	FOCUS	SPEAK
adhere	FOLLOW_SUPPORT_SPONSOR_FUND	ATTACH
adjourn	FINISH_CONCLUDE_END
adjust	ADJUST_CORRECT
administer	GIVE_GIFT
administrate	LEAD_GOVERN
admire	LIKE
admit	RECOGNIZE_ADMIT_IDENTIFY	AUTHORIZE_ADMIT
admonish	REPRIMAND	WARN
adopt	LEARN
adore	LIKE
adorn	EMBELLISH
advance	INCREASE_ENLARGE_MULTIPLY	AMELIORATE
advantage	OBTAIN
advertise	PUBLICIZE
advise	INFORM
advocate	PROPOSE
affect	DECEIVE	AFFECT
affiliate	ALLY_ASSOCIATE_MARRY
affirm	PROVE
afflict	HURT_HARM_ACHE
afford	LOAD_PROVIDE_CHARGE_FURNISH	EXIST-WITH-FEATURE
age	DEVELOP_AGE
aggravate	WORSEN
agitate	CAUSE-MENTAL-STATE
agonize	HURT_HARM_ACHE
agree	AGREE_ACCEPT
aid	HELP_HEAL_CARE_CURE
ail	HURT_HARM_ACHE
aim	DIRECT_AIM_MANEUVER	REQUIRE_NEED_WANT_HOPE
air	TRANSMIT
airlift	CARRY_TRANSPORT
alarm	CAUSE-MENTAL-STATE
alert	WARN
alienate	AROUSE_WAKE_ENLIVEN
align	ADJUST_CORRECT
allay	WEAKEN
allege	AFFIRM
alleviate	HELP_HEAL_CARE_CURE
allocate	GIVE_GIFT
allot	GIVE_GIFT
allow	RECOGNIZE_ADMIT_IDENTIFY	AUTHORIZE_ADMIT
allude	CITE
ally	ALLY_ASSOCIATE_MARRY
alter	CHANGE_SWITCH
alternate	ALTERNATE
amalgamate	COMBINE_MIX_UNITE
amass	AMASS
amaze	CAUSE-MENTAL-STATE
amble	MOVE-ONESELF
ambush	ATTACK_BOMB
amend	ADJUST_CORRECT
americanize	CHANGE-APPEARANCE/STATE
amortize	PAY
amount	REACH	MEAN
amplify	INCREASE_ENLARGE_MULTIPLY
amputate	REMOVE_TAKE-AWAY_KIDNAP
amuse	CAUSE-MENTAL-STATE
analyze	ANALYZE
anchor	ATTACH
anger	CAUSE-MENTAL-STATE
angle	INCLINE
animate	CHANGE-APPEARANCE/STATE
annihilate	KILL
announce	DECREE_DECLARE
annoy	CAUSE-MENTAL-STATE
annul	CANCEL_ELIMINATE
anoint	GIVE_GIFT
answer	ANSWER
antagonize	FACE_CHALLENGE
anticipate	PRECEDE	GUESS
apologize	JUSTIFY_EXCUSE
appall	CAUSE-MENTAL-STATE
appeal	ASK_REQUEST	LIKE
appear	APPEAR	SEEM
appease	MAKE-RELAX
append	ATTACH
applaud	APPROVE_PRAISE
apply	ASK_REQUEST	USE	PUT_APPLY_PLACE_PAVE
appoint	ASSIGN-smt-to-smn
appraise	CALCULATE_ESTIMATE
appreciate	LIKE	INCREASE_ENLARGE_MULTIPLY
apprehend	REMOVE_TAKE-AWAY_KIDNAP
apprise	INFORM
approach	LEARN	GO-FORWARD
appropriate	STEAL_DEPRIVE
approve	APPROVE_PRAISE
approximate	CALCULATE_ESTIMATE
arbitrage	WORK
arbitrate	NEGOTIATE
arch	BEND
argue	SPEAK
arise	BEGIN
arm	LOAD_PROVIDE_CHARGE_FURNISH
armor	LOAD_PROVIDE_CHARGE_FURNISH
arouse	AROUSE_WAKE_ENLIVEN
arraign	SUMMON
arrange	ORGANIZE
arrest	CAGE_IMPRISON	STOP
arrive	ARRIVE
articulate	EXPLAIN
ascend	RAISE
ascertain	VERIFY
ascribe	ASCRIBE
ask	ASK_REQUEST	REQUIRE_NEED_WANT_HOPE
asphyxiate	KILL
aspire	REQUIRE_NEED_WANT_HOPE
assail	ATTACK_BOMB
assassinate	KILL
assault	ATTACK_BOMB
assemble	GROUP	MOUNT_ASSEMBLE_PRODUCE
assert	DECREE_DECLARE	AFFIRM
assess	CALCULATE_ESTIMATE
assign	ASCRIBE
assimilate	CO-OPT
assist	HELP_HEAL_CARE_CURE
associate	CORRELATE
assuage	MAKE-RELAX
assume	PAY	SUPPOSE
assure	GUARANTEE_ENSURE_PROMISE
astonish	CAUSE-MENTAL-STATE
astound	CAUSE-MENTAL-STATE
atone	JUSTIFY_EXCUSE
atrophy	WEAKEN
attach	ATTACH
attack	CRITICIZE
attain	ACHIEVE
attempt	TRY
attend	ATTEND
attest	VERIFY
attire	EMBELLISH
attract	ATTRACT_SUCK
attribute	ASCRIBE
auction	SELL
audit	VERIFY
audition	TRY
augment	INCREASE_ENLARGE_MULTIPLY
augur	GUESS
author	CREATE_MATERIALIZE
authorize	AUTHORIZE_ADMIT
autograph	WRITE
automate	AUTOMATIZE
avail	LOAD_PROVIDE_CHARGE_FURNISH
avenge	PUNISH
aver	AFFIRM
average	CALCULATE_ESTIMATE
avert	ABSTAIN_AVOID_REFRAIN
avoid	ABSTAIN_AVOID_REFRAIN
await	WAIT
awake	AROUSE_WAKE_ENLIVEN
awaken	AROUSE_WAKE_ENLIVEN
award	GIVE_GIFT
awe	CAUSE-MENTAL-STATE
babysit	WATCH_LOOK-OUT
back	BORDER	STOP	FOLLOW_SUPPORT_SPONSOR_FUND	MOVE-BACK	COPY	HELP_HEAL_CARE_CURE
backfire	MOVE-BACK
backpedal	ADJUST_CORRECT
backtrack	MOVE-BACK
badmouth	OFFEND_DISESTEEM
baffle	CAUSE-MENTAL-STATE
bail	GIVE-UP_ABOLISH_ABANDON	LIBERATE_ALLOW_AFFORD
bake	COOK
balance	COMPENSATE
balk	REFUSE
balloon	MOVE-BY-MEANS-OF	INCREASE_ENLARGE_MULTIPLY
ballyhoo	PUBLICIZE
ban	PRECLUDE_FORBID_EXPEL
band	SECURE_FASTEN_TIE
bandage	ENCLOSE_WRAP
bandy	DISCUSS
bang	HIT
banish	DRIVE-BACK
bank	RETAIN_KEEP_SAVE-MONEY	RELY
bankroll	PAY
bankrupt	FAIL_LOSE
baptize	AUTHORIZE_ADMIT	COMMUNE
bar	PRECLUDE_FORBID_EXPEL
barb	LOAD_PROVIDE_CHARGE_FURNISH
barbecue	COOK
bargain	NEGOTIATE
barge	CARRY_TRANSPORT
bark	SPEAK
barnstorm	TRAVEL
barrel	RUN
barricade	STOP
barter	CHANGE-HANDS
base	BE-LOCATED_BASE	GROUND_BASE_FOUND
bash	HIT
bask	ENJOY
bat	SCORE	MOVE-SOMETHING
bathe	WASH_CLEAN
batter	HIT
battle	FIGHT
be	COPULA	AUXILIARY	EXIST_LIVE	SPEAK
beam	LAUGH	TRANSMIT
bear	CONTINUE	CORRELATE	TOLERATE	STRENGTHEN_MAKE-RESISTANT	GIVE-BIRTH
beat	PERFORM	HIT	DEFEAT
beatify	APPROVE_PRAISE
beautify	EMBELLISH
beckon	SIGNAL_INDICATE
become	AUXILIARY	CHANGE_SWITCH
bedevil	CAUSE-MENTAL-STATE
beef	STRENGTHEN_MAKE-RESISTANT
beep	MAKE-A-SOUND
befall	HAPPEN_OCCUR
befit	HARMONIZE
befriend	BEFRIEND
beg	ASK_REQUEST
begin	BEGIN
begrudge	CAUSE-MENTAL-STATE
beguile	DECEIVE
behave	BEHAVE
behead	KILL
belay	SECURE_FASTEN_TIE
belie	SHOW
believe	BELIEVE
belittle	CRITICIZE
bellow	SHOUT
belly-flop	FAIL_LOSE
belong	POSSESS
bemoan	REGRET_SORRY
bend	GIVE-UP_ABOLISH_ABANDON	BEND
benefit	HELP_HEAL_CARE_CURE
bequeath	GIVE_GIFT
berate	REPRIMAND
bereave	STEAL_DEPRIVE
beseech	ASK_REQUEST
beset	CAUSE-MENTAL-STATE
besiege	CAUSE-MENTAL-STATE
besmirch	ACCUSE
best	DEFEAT
bestow	GIVE_GIFT
bet	GUESS
betray	BETRAY
betroth	ALLY_ASSOCIATE_MARRY
better	AMELIORATE
beware	WATCH_LOOK-OUT
bewilder	CAUSE-MENTAL-STATE
bewitch	ATTRACT_SUCK
bias	INFLUENCE
bicker	ARGUE-IN-DEFENSE
bicycle	MOVE-BY-MEANS-OF
bid	OFFER	REQUIRE_NEED_WANT_HOPE
bide	STAY_DWELL
bike	MOVE-BY-MEANS-OF
bilk	STEAL_DEPRIVE
bill	PUBLICIZE	CHARGE
billet	LOAD_PROVIDE_CHARGE_FURNISH
billow	RAISE
bind	OBLIGE_FORCE	PLAN_SCHEDULE	SECURE_FASTEN_TIE
bitch	OPPOSE_REBEL_DISSENT
bite	EAT_BITE
blab	SPEAK
blabber	SPEAK
black	COLOR
blacken	COLOR
blacklist	PRECLUDE_FORBID_EXPEL
blackmail	INFLUENCE
blame	ACCUSE
blanket	COVER_SPREAD_SURMOUNT
blare	MAKE-A-SOUND
blast	THROW	CRITICIZE	ATTACK_BOMB	MAKE-A-SOUND	SHOOT_LAUNCH_PROPEL
blaze	BURN
bleach	COLOR
bleat	GO-FORWARD
bleed	CAUSE-MENTAL-STATE	REDUCE_DIMINISH	EXCRETE	STEAL_DEPRIVE
blemish	BREAK_DETERIORATE
blend	COMBINE_MIX_UNITE
bless	COMMUNE
blight	BREAK_DETERIORATE
blind	BLIND
blindfold	BLIND
blink	FACIAL-EXPRESSION
block	STOP
blockade	STOP
blog	PUBLISH
bloody	COVER_SPREAD_SURMOUNT
bloom	GROW_PLOW
blossom	GROW_PLOW
blot	DIRTY
blow	MESS	PERFORM	EXPLODE	BREATH_BLOW	WASTE	AIR	SHAPE
blubber	CRY
bludgeon	HIT
blunder	GO-FORWARD	MISTAKE
blunt	WEAKEN
blur	DIM
blurt	SPEAK
board	CATCH_EMBARK	STAY_DWELL
boast	BEHAVE
boat	MOVE-BY-MEANS-OF
bob	MOVE-ONESELF
bode	SIGNAL_INDICATE
bog	STOP
boggle	CAUSE-MENTAL-STATE
boil	SPILL_POUR	HEAT
bolster	STRENGTHEN_MAKE-RESISTANT
bolt	LEAVE_DEPART_RUN-AWAY	SECURE_FASTEN_TIE
bomb	FAIL_LOSE	ATTACK_BOMB
bombard	ATTACK_BOMB
bond	GUARANTEE_ENSURE_PROMISE	ATTACH
bone	STUDY
boo	CRITICIZE
book	RECORD
boom	INCREASE_ENLARGE_MULTIPLY	MAKE-A-SOUND
boost	INCREASE_ENLARGE_MULTIPLY
boot	SPEAK
bootleg	SELL
border	BORDER
bore	HOLE_PIERCE	CAUSE-MENTAL-STATE
borrow	TAKE-A-SERVICE_RENT
botch	MESS
bother	CAUSE-MENTAL-STATE
bottle	STOP	PUT_APPLY_PLACE_PAVE
bottleneck	STOP
bottom	FALL_SLIDE-DOWN
bounce	MOVE-BACK	RESTORE-TO-PREVIOUS/INITIAL-STATE_UNDO_UNWIND
bound	GO-FORWARD	BORDER
bow	LOWER	FAIL_LOSE	RESIGN_RETIRE	BEND
bowl	PLAY_SPORT/GAME
box	ENCLOSE_WRAP	INSERT
boycott	REFUSE
brace	PREPARE
brag	BEHAVE
brainwash	PERSUADE
braise	COOK
branch	SEPARATE_FILTER_DETACH
brand	NAME
brandish	SHOW
brave	FACE_CHALLENGE
brazen	FACE_CHALLENGE
breach	VIOLATE
bread	COVER_SPREAD_SURMOUNT
break	VIOLATE	APPEAR	COMPENSATE	DISBAND_BREAK-UP	BREAK_DETERIORATE	LEAVE_DEPART_RUN-AWAY	STOP	CAUSE-MENTAL-STATE	DESTROY	HAPPEN_OCCUR	SEPARATE_FILTER_DETACH	BEGIN
breakthrough	CHANGE_SWITCH
breathe	BREATH_BLOW
breed	GIVE-BIRTH
brew	PREPARE
bribe	CORRUPT
bridge	JOIN_CONNECT
brief	TEACH
brighten	LIGHTEN
brim	FILL
bring	LOWER	RAISE	BRING	ACCOMPANY	HAPPEN_OCCUR
bristle	REACT
broadcast	TRANSMIT
broaden	INCREASE_ENLARGE_MULTIPLY
broker	MANAGE
brood	THINK
brook	TOLERATE
browbeat	SUBJUGATE
browse	SEARCH
bruise	BREAK_DETERIORATE
brush	TOUCH	REMOVE_TAKE-AWAY_KIDNAP	EMBELLISH	REFUSE
brutalize	TREAT
bubble	EMIT
buck	RESIST
buckle	LOWER	SECURE_FASTEN_TIE	PREPARE
bud	BEGIN
budge	MOVE-ONESELF
budget	GIVE_GIFT
buff	WASH_CLEAN
buffer	PROTECT
buffet	HIT
bug	CAUSE-MENTAL-STATE	DECEIVE
build	MOUNT_ASSEMBLE_PRODUCE	INCREASE_ENLARGE_MULTIPLY	INCLUDE-AS
bulge	FILL
bulldoze	FLATTEN_SMOOTHEN
bullet	SHOOT_LAUNCH_PROPEL
bully	OBLIGE_FORCE
bumble	SPEAK
bump	REMOVE_TAKE-AWAY_KIDNAP	HIT
bundle	DRESS_WEAR
bungle	MESS
bunk	LOAD_PROVIDE_CHARGE_FURNISH
buoy	CARRY_TRANSPORT
burble	SPEAK
burden	BURDEN_BEAR
burgeon	AMELIORATE
burglarize	STEAL_DEPRIVE
burn	FINISH_CONCLUDE_END	BURN
burnish	WASH_CLEAN
burst	APPEAR	EXPLODE
bury	BURY_PLANT
bust	DESTROY	CATCH
bustle	MOVE-ONESELF
butcher	KILL
butt	VIOLATE
buttress	STRENGTHEN_MAKE-RESISTANT
buy	BUY
buzz	LEAVE_DEPART_RUN-AWAY	MAKE-A-SOUND	VISIT
bypass	ABSTAIN_AVOID_REFRAIN
cadge	ASK_REQUEST
cajole	PERSUADE
cake	COVER_SPREAD_SURMOUNT
calculate	SUBJECTIVE-JUDGING
calibrate	ADJUST_CORRECT
call	ASK_REQUEST	LEAD_GOVERN	CANCEL_ELIMINATE	FACE_CHALLENGE	SUMMON	NAME	SPEAK	GUESS
calm	MAKE-RELAX
camouflage	CLOUD_SHADOW_HIDE
camp	STAY_DWELL
campaign	WORK
can	PRESERVE
cancel	CANCEL_ELIMINATE
candy	COVER_SPREAD_SURMOUNT
canvass	ANALYZE
cap	FINISH_CONCLUDE_END	COVER_SPREAD_SURMOUNT
capitalize	BENEFIT_EXPLOIT	FOLLOW_SUPPORT_SPONSOR_FUND
capitulate	FAIL_LOSE
capsize	INVERT_REVERSE
captain	LEAD_GOVERN
caption	LOAD_PROVIDE_CHARGE_FURNISH
captivate	LURE_ENTICE
capture	STEAL_DEPRIVE
care	CAUSE-MENTAL-STATE
careen	GO-FORWARD
caricature	JOKE
carol	SING
carouse	ENJOY
carp	CRITICIZE
carry	CONTINUE	CARRY_TRANSPORT	ACHIEVE	CARRY-OUT-ACTION
cart	CARRY_TRANSPORT	PULL
carve	CAVE_CARVE	CUT
cash	BENEFIT_EXPLOIT	CHANGE_SWITCH
cast	THROW	CREATE_MATERIALIZE	CHOOSE
castigate	REPRIMAND
castle	PLAY_SPORT/GAME
catalog	SORT_CLASSIFY_ARRANGE
catalyze	CONVERT
catapult	SHOOT_LAUNCH_PROPEL
catch	LEARN	HUNT	CATCH	UNDERSTAND	STOP	FIND
categorize	SORT_CLASSIFY_ARRANGE
cater	NOURISH_FEED
cause	CAUSE-SMT
caution	WARN
cave	BREAK_DETERIORATE
cease	FINISH_CONCLUDE_END
cede	GIVE-UP_ABOLISH_ABANDON
celebrate	APPROVE_PRAISE	CELEBRATE_PARTY
cement	ATTACH
censor	PRECLUDE_FORBID_EXPEL
center	FOCUS
centralize	AMASS
certify	GUARANTEE_ENSURE_PROMISE
chafe	CAUSE-MENTAL-STATE
chain	SECURE_FASTEN_TIE
chair	LEAD_GOVERN
chalk	RECORD
challenge	FACE_CHALLENGE
champion	FIGHT
chance	RISK
change	REPLACE	CHANGE_SWITCH
channel	DIRECT_AIM_MANEUVER
chant	PERFORM
char	BURN
characterize	REPRESENT
charge	LOAD_PROVIDE_CHARGE_FURNISH	PAY	LEND	ACCUSE	CHARGE	RUN
chart	REPRESENT
charter	TAKE-A-SERVICE_RENT
chase	CHASE
chasten	REPRIMAND
chastise	REPRIMAND
chat	SPEAK
chauffeur	CARRY_TRANSPORT
cheapen	DEBASE_ADULTERATE
cheat	DECEIVE	STEAL_DEPRIVE
check	PROVE	VERIFY
cheer	APPROVE_PRAISE	CAUSE-MENTAL-STATE
cheerlead	WORK
cherish	LIKE
chew	EAT_BITE
chide	REPRIMAND
chill	CAUSE-MENTAL-STATE
chime	SPEAK
chip	SEPARATE_FILTER_DETACH	LOAD_PROVIDE_CHARGE_FURNISH
chisel	CAVE_CARVE
choke	WEAKEN	STOP	HURT_HARM_ACHE
choose	CHOOSE
chop	CUT
chortle	LAUGH
christen	COMMUNE
chronicle	RECORD
chuck	DISCARD
chuckle	LAUGH
chug	GO-FORWARD
churn	MOVE-ONESELF
cinch	VERIFY
circle	ENCLOSE_WRAP	MOVE-ONESELF
circuit	TRAVEL
circulate	CIRCULATE_SPREAD_DISTRIBUTE
circumcise	CUT
circumscribe	PRECLUDE_FORBID_EXPEL
circumvent	ABSTAIN_AVOID_REFRAIN
cite	SUMMON	CITE
claim	ASK_REQUEST	AFFIRM
clamber	RAISE
clamor	ASK_REQUEST
clamp	SECURE_FASTEN_TIE
clang	MAKE-A-SOUND
clank	MAKE-A-SOUND
clap	HIT
clarify	EXPLAIN
clash	QUARREL_POLEMICIZE
classify	RESTRAIN	SORT_CLASSIFY_ARRANGE
claw	CORRODE_WEAR-AWAY_SCRATCH
clean	WASH_CLEAN	EMPTY_UNLOAD
cleanse	WASH_CLEAN
clear	APPROVE_PRAISE	WASH_CLEAN	REMOVE_TAKE-AWAY_KIDNAP	AUTHORIZE_ADMIT
clench	PRESS_PUSH_FOLD
click	MAKE-A-SOUND
climax	FINISH_CONCLUDE_END
climb	RAISE	INCREASE_ENLARGE_MULTIPLY
clinch	SETTLE_CONCILIATE
cling	ATTACH
clink	MAKE-A-SOUND
clip	CUT
cloak	CLOUD_SHADOW_HIDE
clobber	HIT
clock	AFFECT	MEASURE_EVALUATE
clog	STOP
clone	INCREASE_ENLARGE_MULTIPLY
close	FINISH_CONCLUDE_END	REACH	ISOLATE	SETTLE_CONCILIATE	CLOSE	GO-FORWARD
clothe	DRESS_WEAR
cloud	CLOUD_SHADOW_HIDE
clown	BEHAVE
club	HIT
cluster	AMASS
clutch	CATCH
clutter	FILL
co-author	CREATE_MATERIALIZE
co-exist	EXIST_LIVE
co-found	ESTABLISH
co-sponsor	FOLLOW_SUPPORT_SPONSOR_FUND
coach	TEACH
coast	MOVE-ONESELF
coat	COVER_SPREAD_SURMOUNT
coax	PERSUADE
cobble	MOUNT_ASSEMBLE_PRODUCE
coddle	TREAT
code	CREATE_MATERIALIZE	CONVERT
codify	SORT_CLASSIFY_ARRANGE
cohabit	STAY_DWELL
cohere	COMBINE_MIX_UNITE
coil	ROLL
coin	CREATE_MATERIALIZE
coincide	HAPPEN_OCCUR
collaborate	ALLY_ASSOCIATE_MARRY
collapse	FAIL_LOSE	BREAK_DETERIORATE
collect	AMASS
collide	HIT
collude	ALLY_ASSOCIATE_MARRY
colonize	CONQUER
color	COLOR
comb	STRAIGHTEN	SEARCH
combat	FIGHT
combine	COMBINE_MIX_UNITE
come	ACHIEVE	SEEM	COME-FROM	REFER	INFLUENCE	TAKE	BUY	BRING	UNDERSTAND	RESULT_CONSEQUENCE	FIND	HAPPEN_OCCUR	CONTRACT-AN-ILLNESS_INFECT	APPEAR	REACH	GO-FORWARD	FOLLOW-IN-SPACE	START-FUNCTIONING	ARRIVE
comfort	MAKE-RELAX
command	COST	ORDER
commandeer	STEAL_DEPRIVE
commemorate	CELEBRATE_PARTY
commence	BEGIN
commend	APPROVE_PRAISE
comment	EXPLAIN
commercialize	SELL
commiserate	CAUSE-MENTAL-STATE
commission	ASK_REQUEST
commit	VIOLATE	GIVE_GIFT
commodify	CHANGE-APPEARANCE/STATE
communicate	INFORM
commute	GO-FORWARD
compact	PRESS_PUSH_FOLD
compare	COMPARE
compel	OBLIGE_FORCE
compensate	PAY
compete	COMPETE
compile	AMASS
complain	SPEAK
complement	AMELIORATE
complete	FINISH_CONCLUDE_END
complicate	WORSEN
compliment	APPROVE_PRAISE
comply	OBEY
compose	CREATE_MATERIALIZE	REPRESENT
compound	COMBINE_MIX_UNITE
comprehend	UNDERSTAND
compress	PRESS_PUSH_FOLD
comprise	INCLUDE-AS
compromise	SETTLE_CONCILIATE	ENDANGER
compute	CALCULATE_ESTIMATE
computerize	AUTOMATIZE
con	JOKE
conceal	CLOUD_SHADOW_HIDE
concede	RECOGNIZE_ADMIT_IDENTIFY
conceive	CREATE_MATERIALIZE	SUBJECTIVE-JUDGING
concentrate	CHANGE-APPEARANCE/STATE	FOCUS
concern	REFER	CAUSE-MENTAL-STATE
conclude	FINISH_CONCLUDE_END	DECIDE_DETERMINE
concoct	CREATE_MATERIALIZE
concrete	SPILL_POUR
concur	AGREE_ACCEPT
condemn	OBLIGE_FORCE
condense	CHANGE-APPEARANCE/STATE
condition	OBLIGE_FORCE	CAUSE-MENTAL-STATE
condone	JUSTIFY_EXCUSE
conduct	CIRCULATE_SPREAD_DISTRIBUTE	BEHAVE
confer	DISCUSS	GIVE_GIFT
confess	RECOGNIZE_ADMIT_IDENTIFY
confide	REVEAL
configure	ADJUST_CORRECT
confine	CAGE_IMPRISON
confirm	AFFIRM
confiscate	REMOVE_TAKE-AWAY_KIDNAP
conflict	DISTINGUISH_DIFFER
conform	ADJUST_CORRECT
confront	FACE_CHALLENGE
confuse	CAUSE-MENTAL-STATE
congeal	CHANGE-APPEARANCE/STATE
congest	STOP
congratulate	APPROVE_PRAISE
congregate	MEET
conjecture	BELIEVE
conjure	CREATE_MATERIALIZE
connect	JOIN_CONNECT
connote	MEAN
conquer	LEAD_GOVERN
consent	AGREE_ACCEPT
conserve	PRESERVE
consider	SUBJECTIVE-JUDGING	CONSIDER
consign	SEND
consist	EXIST-WITH-FEATURE
console	MAKE-RELAX
consolidate	COMBINE_MIX_UNITE
consort	ACCOMPANY
conspire	ALLY_ASSOCIATE_MARRY
constitute	INCLUDE-AS
constrain	RESTRAIN
constrict	PRESS_PUSH_FOLD
construct	MOUNT_ASSEMBLE_PRODUCE
construe	INTERPRET
consult	DISCUSS
consume	CONSUME_SPEND
consummate	AMELIORATE
contact	COMMUNICATE_CONTACT
contain	CONTAIN
contaminate	DIRTY
contemplate	TAKE-INTO-ACCOUNT_CONSIDER
contemporize	AMELIORATE
contend	COMPETE	AFFIRM
content	CAUSE-MENTAL-STATE
contest	CRITICIZE
continue	CONTINUE	SPEAK
contract	HIRE	REDUCE_DIMINISH	CONTRACT-AN-ILLNESS_INFECT
contradict	REFUSE
contrast	DISTINGUISH_DIFFER
contravene	VIOLATE
contribute	LOAD_PROVIDE_CHARGE_FURNISH
control	MANAGE
convene	SUMMON
converge	GO-FORWARD
converse	SPEAK
convert	CONVERT
convey	INFORM
convict	DECREE_DECLARE
convince	PERSUADE
convoke	SUMMON
convolute	DECEIVE
convulse	PRESS_PUSH_FOLD
coo	MAKE-A-SOUND
cook	CREATE_MATERIALIZE	COOK	HAPPEN_OCCUR
cool	COOL
cooperate	ALLY_ASSOCIATE_MARRY
coordinate	ORGANIZE
cop	REMOVE_TAKE-AWAY_KIDNAP
cope	FACE_CHALLENGE
copy	COPY
copyright	PROTECT
cork	CLOSE
corner	MANAGE
corral	ENCLOSE_WRAP
correct	ADJUST_CORRECT
correspond	COMMUNICATE_CONTACT	MATCH
corroborate	PROVE
cosset	TREAT
cost	COST
costume	LOAD_PROVIDE_CHARGE_FURNISH
couch	SPEAK
cough	GIVE_GIFT	EXCRETE
counsel	WARN
count	EXIST-WITH-FEATURE	COUNT	RELY	INCLUDE-AS
countenance	AUTHORIZE_ADMIT
counter	REACT
counteract	OPPOSE_REBEL_DISSENT
counterattack	ATTACK_BOMB
counterbalance	COMPENSATE
countervail	COMPENSATE
couple	JOIN_CONNECT
course	TRAVEL
court	COURT
cover	CLOUD_SHADOW_HIDE	COVER_SPREAD_SURMOUNT	TRANSMIT	INCLUDE-AS
covet	REQUIRE_NEED_WANT_HOPE
cower	CAUSE-MENTAL-STATE
cowrite	CREATE_MATERIALIZE
crack	PRECLUDE_FORBID_EXPEL	MAKE-A-SOUND	SPEAK	BREAK_DETERIORATE
crackle	MAKE-A-SOUND
craft	MOUNT_ASSEMBLE_PRODUCE
cram	STUDY	PUT_APPLY_PLACE_PAVE
crane	EXTEND
crank	INCREASE_ENLARGE_MULTIPLY	MOUNT_ASSEMBLE_PRODUCE
crash	VIOLATE	ESTABLISH	BREAK_DETERIORATE
crave	REQUIRE_NEED_WANT_HOPE
crawl	TRAVEL
creak	MAKE-A-SOUND
cream	DEFEAT
crease	PRESS_PUSH_FOLD
create	MOUNT_ASSEMBLE_PRODUCE
credit	ADD	ASCRIBE
creep	TRAVEL	MOVE-ONESELF
crest	REACH
criminalize	PRECLUDE_FORBID_EXPEL
crimp	ROLL
cringe	MOVE-BACK
cripple	HURT_HARM_ACHE
crisscross	OVERCOME_SURPASS
criticize	CRITICIZE
croak	KILL
croon	SING
crop	APPEAR
cross	REACH	CAUSE-MENTAL-STATE	CANCEL_ELIMINATE	OVERLAP
crouch	LOWER
crow	ENJOY
crowd	FILL	ARRIVE
crown	COVER_SPREAD_SURMOUNT
crucify	KILL
cruise	TRAVEL	SEARCH
crumble	BREAK_DETERIORATE
crumple	PRESS_PUSH_FOLD
crunch	BREAK_DETERIORATE
crush	BREAK_DETERIORATE
cry	CRY	SPEAK
crystallize	CHANGE-APPEARANCE/STATE
cuff	HIT
culminate	REACH
cultivate	INCREASE_ENLARGE_MULTIPLY
cum	EXCRETE
curb	REDUCE_DIMINISH
cure	PRESERVE	HELP_HEAL_CARE_CURE
curl	ROLL
curry	FLATTER
curse	OFFEND_DISESTEEM
curtail	REDUCE_DIMINISH
curve	BEND
cushion	PROTECT
customize	ADJUST_CORRECT
cut	ORGANIZE	CUT	REDUCE_DIMINISH	REMOVE_TAKE-AWAY_KIDNAP	LIBERATE_ALLOW_AFFORD
cycle	MOVE-BY-MEANS-OF
dab	TOUCH
dabble	WORK
damage	BREAK_DETERIORATE
damn	BEWITCH
damp	WEAKEN
dampen	WEAKEN
dance	DANCE	GO-FORWARD
dandle	TOUCH
dangle	HANG
dare	BEHAVE
darken	DIM
dash	DESTROY	RUN
date	LOCATE-IN-TIME_DATE	COURT
daub	COVER_SPREAD_SURMOUNT
daunt	CAUSE-MENTAL-STATE
dawdle	BEHAVE
dawn	UNDERSTAND	BEGIN
dazzle	CAUSE-MENTAL-STATE
de-nuclearize	CANCEL_ELIMINATE
deactivate	SWITCH-OFF_TURN-OFF_SHUT-DOWN
deafen	HURT_HARM_ACHE
deal	FACE_CHALLENGE	CIRCULATE_SPREAD_DISTRIBUTE
debate	DISCUSS
debauch	DEBASE_ADULTERATE
debit	RECORD
debug	ADJUST_CORRECT
debunk	PROVE
debut	SHOW
decapitate	KILL
decay	BREAK_DETERIORATE
decease	KILL
deceive	DECEIVE
decelerate	SLOW-DOWN
decentralize	CIRCULATE_SPREAD_DISTRIBUTE
decide	DECIDE_DETERMINE
decimate	KILL
deck	EMBELLISH
declare	DECREE_DECLARE	SPEAK
declassify	LIBERATE_ALLOW_AFFORD
decline	REDUCE_DIMINISH	REFUSE
decode	INTERPRET
decommission	RECALL
decompose	DESTROY
decontaminate	WASH_CLEAN
decorate	EMBELLISH
decrease	REDUCE_DIMINISH
decree	DECREE_DECLARE
decry	DISLIKE
dedicate	FOCUS
deduct	REMOVE_TAKE-AWAY_KIDNAP
deem	BELIEVE
deemphasize	DEBASE_ADULTERATE
deepen	INCREASE_ENLARGE_MULTIPLY
deescalate	REDUCE_DIMINISH
defame	OFFEND_DISESTEEM
default	FAIL_LOSE
defeat	DEFEAT
defect	BETRAY
defend	PROTECT
defer	GIVE-UP_ABOLISH_ABANDON	DELAY
defile	DIRTY
define	REPRESENT
deflate	REDUCE_DIMINISH
deflect	ABSTAIN_AVOID_REFRAIN
deform	SHAPE
defraud	STEAL_DEPRIVE
defray	PAY
defuse	REMOVE_TAKE-AWAY_KIDNAP
defy	RESIST
degenerate	WORSEN
degrade	DEBASE_ADULTERATE
delay	DELAY
delegate	ASSIGN-smt-to-smn
delete	CANCEL_ELIMINATE
deliberate	DISCUSS
delight	CAUSE-MENTAL-STATE	SPEAK	LIKE
delineate	SHOW
deliver	CARRY_TRANSPORT
delouse	REMOVE_TAKE-AWAY_KIDNAP
delude	DECEIVE
delve	EXTRACT
demagogue	SPEAK
demand	ASK_REQUEST
demean	DOWNPLAY_HUMILIATE
demilitarize	REMOVE_TAKE-AWAY_KIDNAP
demobilize	DISMISS_FIRE-SMN
democratize	CHANGE-APPEARANCE/STATE
demolish	DESTROY
demonize	CHANGE-APPEARANCE/STATE
demonstrate	SHOW
demoralize	CAUSE-MENTAL-STATE
demote	ASSIGN-smt-to-smn
demur	CRITICIZE
denigrate	OFFEND_DISESTEEM
denominate	NAME
denounce	CRITICIZE
dent	BREAK_DETERIORATE
denude	REMOVE_TAKE-AWAY_KIDNAP
deny	REFUSE
depart	LEAVE_DEPART_RUN-AWAY
depend	RELY
depict	SHOW
deplete	CONSUME_SPEND
deplore	REGRET_SORRY
deploy	CIRCULATE_SPREAD_DISTRIBUTE
deport	MOVE-SOMETHING
depose	DISMISS_FIRE-SMN
deposit	PUT_APPLY_PLACE_PAVE
depreciate	DEBASE_ADULTERATE
depress	CAUSE-MENTAL-STATE	REDUCE_DIMINISH
deprive	STEAL_DEPRIVE
derail	STOP
derange	MESS
deregulate	LIBERATE_ALLOW_AFFORD
deride	JOKE
derive	CREATE_MATERIALIZE
descend	LOWER
describe	REPRESENT
desecrate	VIOLATE
desensitize	WEAKEN
desert	GIVE-UP_ABOLISH_ABANDON
deserve	EXIST-WITH-FEATURE
design	CREATE_MATERIALIZE
designate	NAME
desire	REQUIRE_NEED_WANT_HOPE
desist	ABSTAIN_AVOID_REFRAIN
despair	CAUSE-MENTAL-STATE
despise	DISLIKE
destabilize	MESS
destigmatize	LIBERATE_ALLOW_AFFORD
destine	PLAN_SCHEDULE
destroy	DESTROY
destruct	DESTROY
detach	SEPARATE_FILTER_DETACH
detail	EXPLAIN
detain	CAGE_IMPRISON
detect	FIND
deter	OPPOSE_REBEL_DISSENT
deteriorate	WORSEN
determine	DECIDE_DETERMINE
detest	DISLIKE
dethrone	DISMISS_FIRE-SMN
detract	REDUCE_DIMINISH
devalue	DEBASE_ADULTERATE
devastate	DESTROY
develop	CREATE_MATERIALIZE	BEGIN
deviate	TURN_CHANGE-DIRECTION
devise	ORGANIZE
devote	FOCUS
devour	EAT_BITE
diagnose	ANALYZE
diagram	PAINT
dial	MOUNT_ASSEMBLE_PRODUCE
dicker	NEGOTIATE
dictate	ORDER
die	WEAKEN	KILL
differ	DISTINGUISH_DIFFER
differentiate	DIVERSIFY
diffuse	CIRCULATE_SPREAD_DISTRIBUTE
dig	REMOVE_TAKE-AWAY_KIDNAP	EXTRACT
digest	EAT_BITE
dignify	APPROVE_PRAISE
dilute	DEBASE_ADULTERATE
dim	DIM
dime	CAUSE-MENTAL-STATE
diminish	REDUCE_DIMINISH
din	EAT_BITE
dine	EAT_BITE
dip	DIP_DIVE	REDUCE_DIMINISH
direct	DIRECT_AIM_MANEUVER
disable	STOP
disadvantage	STOP
disagree	REFUSE
disallow	PRECLUDE_FORBID_EXPEL
disappear	LEAVE_DEPART_RUN-AWAY
disappoint	FRUSTRATE_DISAPPOINT
disapprove	REFUSE
disarm	STEAL_DEPRIVE
disassemble	DESTROY
disassociate	DISBAND_BREAK-UP
disavow	REFUSE
disband	DISBAND_BREAK-UP
disbelieve	REFUSE
disburse	PAY
discard	DISCARD
discern	PERCEIVE
discharge	CANCEL_ELIMINATE	LIBERATE_ALLOW_AFFORD
discipline	PUNISH
disclaim	REFUSE
disclose	REVEAL
discolor	COLOR
discomfit	CAUSE-MENTAL-STATE
disconnect	SEPARATE_FILTER_DETACH
discontinue	STOP
discount	REFUSE	DEBASE_ADULTERATE
discourage	CAUSE-MENTAL-STATE
discourse	SPEAK
discover	FIND
discredit	OFFEND_DISESTEEM
discriminate	UNDERSTAND	REFUSE
discuss	DISCUSS
disdain	DISLIKE
disembark	LAND_GET-OFF
disenchant	FRUSTRATE_DISAPPOINT
disenfranchise	STEAL_DEPRIVE
disengage	LIBERATE_ALLOW_AFFORD
disgorge	EMPTY_UNLOAD
disgrace	OFFEND_DISESTEEM
disgruntle	CAUSE-MENTAL-STATE
disguise	DECEIVE
disgust	DISLIKE
dish	GIVE_GIFT
disincline	CAUSE-MENTAL-STATE
disinherit	STEAL_DEPRIVE
disintegrate	SEPARATE_FILTER_DETACH
disinvite	CANCEL_ELIMINATE
dislike	DISLIKE
dismantle	DESTROY
dismay	CAUSE-MENTAL-STATE
dismember	SEPARATE_FILTER_DETACH
dismiss	NAME	DISMISS_FIRE-SMN
disobey	OPPOSE_REBEL_DISSENT
disorient	ORIENT
disown	REFUSE
disparage	CRITICIZE
dispatch	SEND
dispel	DRIVE-BACK
dispense	GIVE-UP_ABOLISH_ABANDON	GIVE_GIFT
disperse	CIRCULATE_SPREAD_DISTRIBUTE
displace	REMOVE_TAKE-AWAY_KIDNAP
display	SHOW
displease	CAUSE-MENTAL-STATE
dispose	CAUSE-MENTAL-STATE	DISCARD
disprove	PROVE
dispute	QUARREL_POLEMICIZE
disqualify	CANCEL_ELIMINATE
disregard	DOWNPLAY_HUMILIATE
disrespect	OFFEND_DISESTEEM
disrupt	MESS
dissatisfy	CAUSE-MENTAL-STATE
dissect	ANALYZE
dissemble	CLOUD_SHADOW_HIDE
disseminate	CIRCULATE_SPREAD_DISTRIBUTE
dissent	OPPOSE_REBEL_DISSENT
dissimulate	CLOUD_SHADOW_HIDE
dissipate	LEAVE_DEPART_RUN-AWAY
dissociate	DISBAND_BREAK-UP
dissolve	DESTROY
dissuade	PERSUADE
distance	MOVE-BACK
distil	EXTRACT
distill	EXTRACT
distinguish	SEPARATE_FILTER_DETACH
distort	REPRESENT
distract	CAUSE-MENTAL-STATE
distress	CAUSE-MENTAL-STATE
distribute	CIRCULATE_SPREAD_DISTRIBUTE
distrust	RELY
disturb	CAUSE-MENTAL-STATE
dive	DIP_DIVE	REDUCE_DIMINISH
diverge	SEPARATE_FILTER_DETACH
diversify	DIVERSIFY
divert	TURN_CHANGE-DIRECTION
divest	REMOVE_TAKE-AWAY_KIDNAP
divide	SEPARATE_FILTER_DETACH	DIVIDE
divorce	DISBAND_BREAK-UP
divulge	REVEAL
divvy	SEPARATE_FILTER_DETACH
dizzy	CAUSE-MENTAL-STATE
do	AUXILIARY	LIGHT-VERB	CORRELATE	RESULT_CONSEQUENCE	KILL
dock	LAND_GET-OFF
document	LOAD_PROVIDE_CHARGE_FURNISH
dodge	ABSTAIN_AVOID_REFRAIN
doff	REMOVE_TAKE-AWAY_KIDNAP
dog	CHASE
dole	GIVE_GIFT
dollarize	CHANGE_SWITCH
dominate	LEAD_GOVERN
don	DRESS_WEAR
donate	GIVE_GIFT
doom	DECREE_DECLARE
dot	COVER_SPREAD_SURMOUNT
double	WORK	INCREASE_ENLARGE_MULTIPLY
doubt	BELIEVE
douse	WET
dovetail	FIT
down	KNOCK-DOWN
downgrade	REPLACE	WORSEN
downlink	TRANSMIT
download	TRANSMIT
downplay	DOWNPLAY_HUMILIATE
downsize	REDUCE_DIMINISH
doze	SLEEP
draft	CREATE_MATERIALIZE
drag	PULL
drain	EMPTY_UNLOAD
drape	COVER_SPREAD_SURMOUNT
draw	PAINT	OBTAIN	SHOW
dread	CAUSE-MENTAL-STATE
dream	THINK	CAUSE-MENTAL-STATE	IMAGINE
dredge	REMOVE_TAKE-AWAY_KIDNAP	SEARCH
drench	WET
dress	EMBELLISH	DRESS_WEAR	REPRIMAND
drift	TRAVEL
drill	HOLE_PIERCE	TEACH
drink	CELEBRATE_PARTY	DRINK
drip	SPILL_POUR	EXIST-WITH-FEATURE
drive	MOVE-BY-MEANS-OF
drone	MAKE-A-SOUND
drool	SPILL_POUR
drop	CONSUME_SPEND	EMPTY_UNLOAD	VISIT	GIVE-UP_ABOLISH_ABANDON	DROP	DISMISS_FIRE-SMN	SPEAK
drown	CLOUD_SHADOW_HIDE	DIP_DIVE	KILL
drug	GIVE_GIFT
drum	GROUP
dry	CONSUME_SPEND	DRY
dub	NAME
duck	ABSTAIN_AVOID_REFRAIN
duel	FIGHT
dull	DIM
dump	DISCARD
dupe	DECEIVE
duplicate	COPY
dust	WASH_CLEAN
dwarf	COMPARE
dwell	STAY_DWELL
dwindle	REDUCE_DIMINISH
dye	COLOR
dyke	ENCLOSE_WRAP
earmark	RETAIN_KEEP_SAVE-MONEY
earn	EARN
ease	MAKE-RELAX	SIMPLIFY	GO-FORWARD	REDUCE_DIMINISH
eat	CONSUME_SPEND	CORRODE_WEAR-AWAY_SCRATCH	EAT_BITE
eavesdrop	HEAR_LISTEN
ebb	REDUCE_DIMINISH
echo	REPEAT
eclipse	COMPARE
economize	RETAIN_KEEP_SAVE-MONEY
edge	GO-FORWARD	DEFEAT
edit	ADJUST_CORRECT
editorialize	SPEAK
educate	TEACH
eek	GO-FORWARD
effect	CAUSE-SMT
effectuate	CREATE_MATERIALIZE
eject	DRIVE-BACK
elaborate	EXPLAIN
elapse	SPEND-TIME_PASS-TIME
elect	CHOOSE
electrify	CAUSE-MENTAL-STATE
electrocute	KILL
electroplate	COVER_SPREAD_SURMOUNT
elevate	RAISE
elicit	AROUSE_WAKE_ENLIVEN
eliminate	CANCEL_ELIMINATE
elongate	EXTEND
elucidate	EXPLAIN
elude	ABSTAIN_AVOID_REFRAIN
email	COMMUNICATE_CONTACT
emanate	FLOW
emasculate	WEAKEN
embargo	STOP
embark	BEGIN
embarrass	CAUSE-MENTAL-STATE
embattle	PREPARE
embed	SECURE_FASTEN_TIE
embellish	EMBELLISH
embezzle	STEAL_DEPRIVE
emblazon	EMBELLISH
embody	REPRESENT
embolden	INCITE_INDUCE
emboss	WRITE
embrace	TOUCH	INCLUDE-AS
embroider	EMBELLISH
embroil	OBLIGE_FORCE
emerge	APPEAR	COME-FROM
emigrate	LEAVE_DEPART_RUN-AWAY
emit	EMIT
emote	PERFORM
emotion	FEEL
empathize	CAUSE-MENTAL-STATE
emphasize	EMPHASIZE
emplace	PUT_APPLY_PLACE_PAVE
employ	HIRE	USE
empower	AUTHORIZE_ADMIT
empty	EMPTY_UNLOAD
emulate	FACE_CHALLENGE
enable	HELP_HEAL_CARE_CURE
enact	ORDER
encapsulate	ENCLOSE_WRAP
encase	ENCLOSE_WRAP
enchain	STOP
enchant	ENCLOSE_WRAP
encircle	ENCLOSE_WRAP
enclose	ENCLOSE_WRAP
encode	CONVERT
encompass	INCLUDE-AS
encounter	FIND
encourage	FOLLOW_SUPPORT_SPONSOR_FUND	INCITE_INDUCE
encrypt	CONVERT
encumber	BURDEN_BEAR
end	RESULT_CONSEQUENCE	FINISH_CONCLUDE_END
endanger	ENDANGER
endeavor	TRY
endorse	FOLLOW_SUPPORT_SPONSOR_FUND
endow	GIVE_GIFT
endure	CONTINUE
energize	AROUSE_WAKE_ENLIVEN
enflame	AROUSE_WAKE_ENLIVEN
enforce	CARRY-OUT-ACTION
engage	CARRY-OUT-ACTION
engender	CREATE_MATERIALIZE
engineer	ORGANIZE
engrave	CAVE_CARVE
engulf	COVER_SPREAD_SURMOUNT
enhance	INCREASE_ENLARGE_MULTIPLY
enjoin	PRECLUDE_FORBID_EXPEL
enjoy	ENJOY
enlarge	INCREASE_ENLARGE_MULTIPLY
enlighten	EXPLAIN
enlist	ALLY_ASSOCIATE_MARRY
enliven	AROUSE_WAKE_ENLIVEN
enrage	CAUSE-MENTAL-STATE
enrich	AMELIORATE
enroll	HIRE
ensconce	STAY_DWELL
enshrine	ENCLOSE_WRAP
enslave	SUBJUGATE
ensnare	CATCH
ensue	RESULT_CONSEQUENCE
ensure	GUARANTEE_ENSURE_PROMISE
entail	IMPLY
entangle	STOP
enter	ENTER	PROPOSE
entertain	ENJOY	CONSIDER
enthrall	CAUSE-MENTAL-STATE
entice	LURE_ENTICE
entitle	NAME	AUTHORIZE_ADMIT
entomb	BURY_PLANT
entrance	LURE_ENTICE
entrench	SECURE_FASTEN_TIE
entrust	GIVE_GIFT
entwine	WEAVE
enumerate	EXPLAIN
envelop	ENCLOSE_WRAP
envisage	IMAGINE
envision	IMAGINE
envy	CAUSE-MENTAL-STATE
epitomize	REPRESENT
equal	MATCH
equate	COMPARE
equip	LOAD_PROVIDE_CHARGE_FURNISH
eradicate	CANCEL_ELIMINATE
erase	CANCEL_ELIMINATE
erect	MOUNT_ASSEMBLE_PRODUCE
erode	CORRODE_WEAR-AWAY_SCRATCH
err	MISTAKE
erupt	BEGIN	SPEAK
escalate	INCREASE_ENLARGE_MULTIPLY
escape	LEAVE_DEPART_RUN-AWAY
eschew	ABSTAIN_AVOID_REFRAIN
escort	ACCOMPANY
espouse	FOLLOW_SUPPORT_SPONSOR_FUND
establish	ESTABLISH
esteem	LIKE
estimate	CALCULATE_ESTIMATE
estrange	REMOVE_TAKE-AWAY_KIDNAP
etch	CAVE_CARVE
evacuate	REMOVE_TAKE-AWAY_KIDNAP
evade	ABSTAIN_AVOID_REFRAIN
evaluate	SUBJECTIVE-JUDGING
evaporate	CONVERT
even	FLATTEN_SMOOTHEN
evidence	PROVE
evince	SHOW
eviscerate	EMPTY_UNLOAD
evoke	AROUSE_WAKE_ENLIVEN
evolve	AMELIORATE
exacerbate	WORSEN
exact	ASK_REQUEST
exaggerate	INCREASE_ENLARGE_MULTIPLY
exalt	APPROVE_PRAISE
examine	ANALYZE
excavate	CAVE_CARVE
exceed	OVERCOME_SURPASS
excel	EXIST-WITH-FEATURE
except	MISS_OMIT_LACK
exchange	CONVERT
excise	REMOVE_TAKE-AWAY_KIDNAP
excite	AROUSE_WAKE_ENLIVEN
exclaim	SPEAK
exclude	STOP
excoriate	AFFIRM
excuse	PARDON
execute	CARRY-OUT-ACTION	KILL
exemplify	REPRESENT
exempt	EXEMPT
exercise	CARRY-OUT-ACTION	PREPARE
exert	INFLUENCE
exhale	EMIT
exhaust	EXHAUST
exhibit	SHOW
exhilarate	CAUSE-MENTAL-STATE
exhort	OBLIGE_FORCE
exhume	EXTRACT
exile	DRIVE-BACK
exist	EXIST_LIVE
exit	LEAVE_DEPART_RUN-AWAY
exonerate	SUBJECTIVE-JUDGING
exorcise	DRIVE-BACK
expand	INCREASE_ENLARGE_MULTIPLY
expect	GUESS
expedite	SPEED-UP
expel	CANCEL_ELIMINATE
expend	CONSUME_SPEND
experience	UNDERGO-EXPERIENCE
experiment	TRY
expire	FINISH_CONCLUDE_END
explain	EXPLAIN
explode	INCREASE_ENLARGE_MULTIPLY	FILL	EXPLODE
exploit	BENEFIT_EXPLOIT
explore	SEARCH
export	SELL
expose	SHOW
expound	EXPLAIN
express	SPEAK	SEND
expunge	CANCEL_ELIMINATE
extend	EXTEND
exterminate	CANCEL_ELIMINATE
extinguish	CANCEL_ELIMINATE
extol	APPROVE_PRAISE
extort	STEAL_DEPRIVE
extract	OBTAIN
extradite	DRIVE-BACK
extrapolate	CALCULATE_ESTIMATE
extricate	REMOVE_TAKE-AWAY_KIDNAP
exude	EXCRETE
eye	SEE
eyeball	SEE
fabricate	MOUNT_ASSEMBLE_PRODUCE
face	FACE_CHALLENGE
facilitate	SIMPLIFY
factor	CONSIDER
fade	DISAPPEAR
fail	FAIL_LOSE
faint	SLEEP
fake	FAKE
fall	QUARREL_POLEMICIZE	REDUCE_DIMINISH	BREAK_DETERIORATE	FAIL_LOSE	GO-FORWARD	HAPPEN_OCCUR	CHANGE_SWITCH
falsify	REPRESENT
falter	FAIL_LOSE
familiarize	LEARN
fan	AROUSE_WAKE_ENLIVEN
fancy	IMAGINE	REQUIRE_NEED_WANT_HOPE
fantasize	IMAGINE
fare	RESULT_CONSEQUENCE
farm	HIRE	GENERATE
fart	DELAY	EXCRETE
fascinate	LIKE
fashion	MOUNT_ASSEMBLE_PRODUCE
fast	DIET
fasten	SECURE_FASTEN_TIE
fate	DECREE_DECLARE
fathom	UNDERSTAND
fatten	INCREASE_ENLARGE_MULTIPLY
fault	ACCUSE
favor	LIKE
favour	LIKE
fax	SEND
fear	CAUSE-MENTAL-STATE
feast	EAT_BITE
feature	EXIST-WITH-FEATURE
feed	NOURISH_FEED	INCREASE_ENLARGE_MULTIPLY	CAUSE-MENTAL-STATE
feel	BELIEVE	FEEL
feign	SIMULATE
fell	KNOCK-DOWN
fence	ENCLOSE_WRAP
fend	ABSTAIN_AVOID_REFRAIN
ferment	SPOIL
ferret	FIND
ferry	CARRY_TRANSPORT
fertilize	AROUSE_WAKE_ENLIVEN
fess	RECOGNIZE_ADMIT_IDENTIFY
fester	EXCRETE
festoon	EMBELLISH
fetch	BRING
feud	QUARREL_POLEMICIZE
fiddle	TOUCH
fidget	MOVE-ONESELF
field	ANSWER
fight	DRIVE-BACK	FIGHT	RESIST
figure	CALCULATE_ESTIMATE	DECIDE_DETERMINE	IMAGINE	HAVE-A-FUNCTION_SERVE
filch	STEAL_DEPRIVE
file	GO-FORWARD	RETAIN_KEEP_SAVE-MONEY	REQUIRE_NEED_WANT_HOPE
filibuster	STOP
fill	SATISFY_FULFILL	FILL	AMELIORATE	REPLACE	INFORM
film	RECORD
filter	SEPARATE_FILTER_DETACH	FLOW
finagle	DECEIVE
finalize	FINISH_CONCLUDE_END
finance	PAY
find	KNOW	FIND	DECREE_DECLARE
fine	PUNISH
finesse	AMELIORATE
finger	TOUCH	FIND	ACCUSE
finish	FINISH_CONCLUDE_END	EMBELLISH
fire	DESTROY	SHOOT_LAUNCH_PROPEL	DISMISS_FIRE-SMN	BURN
firm	TIGHTEN
fish	HUNT
fit	FIT
fix	REPAIR_REMEDY	ESTABLISH	PREPARE
fizz	CHANGE-APPEARANCE/STATE
fizzle	FINISH_CONCLUDE_END
flabbergast	CAUSE-MENTAL-STATE
flag	REDUCE_DIMINISH
flame	BURN
flank	BE-LOCATED_BASE
flap	MOVE-ONESELF
flare	BEGIN
flash	MOVE-BACK	RUN	SHOW
flatten	FLATTEN_SMOOTHEN
flatter	FLATTER
flaunt	SHOW
flaw	BREAK_DETERIORATE
flay	REMOVE_TAKE-AWAY_KIDNAP
flee	LEAVE_DEPART_RUN-AWAY
fleece	REQUIRE_NEED_WANT_HOPE
flex	BEND
flicker	LIGHT_SHINE
flinch	MOVE-BACK
fling	THROW
flip	INVERT_REVERSE
flirt	COURT
float	MOVE-SOMETHING
flock	GROUP	GO-FORWARD
flog	HIT
flood	FILL
flop	FALL_SLIDE-DOWN
flounder	BEHAVE
flourish	AMELIORATE
flout	REFUSE
flow	FLOW
flower	GROW_PLOW
fluctuate	MOVE-ONESELF
flunk	FAIL_LOSE
flush	WASH_CLEAN
flutter	TRAVEL
fly	FLY
foam	CHANGE-APPEARANCE/STATE
focus	FOCUS
fog	CLOUD_SHADOW_HIDE
foil	PRECLUDE_FORBID_EXPEL
foist	BURDEN_BEAR
fold	FINISH_CONCLUDE_END	CREATE_MATERIALIZE	COMBINE_MIX_UNITE
follow	FINISH_CONCLUDE_END	SIMULATE	IMPLY	COME-AFTER_FOLLOW-IN-TIME	FOLLOW_SUPPORT_SPONSOR_FUND
foment	AROUSE_WAKE_ENLIVEN
fondle	TOUCH
fool	JOKE	DECEIVE
foot	PAY
forbid	PRECLUDE_FORBID_EXPEL
force	OBLIGE_FORCE	PERSUADE
foreclose	REMOVE_TAKE-AWAY_KIDNAP
foresee	UNDERSTAND
foreshadow	SIGNAL_INDICATE
foretell	GUESS
forfeit	GIVE-UP_ABOLISH_ABANDON
forge	MOUNT_ASSEMBLE_PRODUCE	FAKE
forget	FORGET
forgive	PARDON
forgo	GIVE-UP_ABOLISH_ABANDON
fork	PAY
form	MOUNT_ASSEMBLE_PRODUCE	INCLUDE-AS
formalize	CREATE_MATERIALIZE
formulate	CREATE_MATERIALIZE
forsake	GIVE-UP_ABOLISH_ABANDON
fortify	STRENGTHEN_MAKE-RESISTANT
forward	SEND
foster	INCREASE_ENLARGE_MULTIPLY
foul	VIOLATE
found	ESTABLISH
founder	FAIL_LOSE
fraction	SEPARATE_FILTER_DETACH
fracture	BREAK_DETERIORATE
fragment	BREAK_DETERIORATE
frame	ENCLOSE_WRAP	ACCUSE	SPEAK	PLAN_SCHEDULE
franchise	AUTHORIZE_ADMIT
fray	CORRODE_WEAR-AWAY_SCRATCH
freak	CAUSE-MENTAL-STATE
free	LIBERATE_ALLOW_AFFORD
freelance	WORK
freeze	COOL	STOP
frequent	VISIT
fret	CAUSE-MENTAL-STATE
frighten	DRIVE-BACK	CAUSE-MENTAL-STATE
fritter	WASTE
frock	DRESS_WEAR
frolic	BEHAVE
froth	EMIT
frown	FACIAL-EXPRESSION
frustrate	TREAT
fry	COOK
fuck	HAVE-SEX	MESS
fudge	FAKE
fuel	AROUSE_WAKE_ENLIVEN
fulfill	SATISFY_FULFILL
fume	CAUSE-MENTAL-STATE
function	HAVE-A-FUNCTION_SERVE
fund	FOLLOW_SUPPORT_SPONSOR_FUND
funnel	SPILL_POUR
furlough	DISMISS_FIRE-SMN
furnish	LOAD_PROVIDE_CHARGE_FURNISH
furrow	PRESS_PUSH_FOLD
further	INCREASE_ENLARGE_MULTIPLY
fuse	COMBINE_MIX_UNITE
fuss	CAUSE-MENTAL-STATE
gag	HURT_HARM_ACHE
gain	INCREASE_ENLARGE_MULTIPLY	OBTAIN
gallop	RUN
galvanize	AROUSE_WAKE_ENLIVEN	INCITE_INDUCE	COVER_SPREAD_SURMOUNT
gamble	BID
gape	SEE
garden	WORK
garner	TAKE
gas	FILL
gasp	BREATH_BLOW
gather	AMASS
gauge	CALCULATE_ESTIMATE
gaze	SEE
gear	HARMONIZE	PREPARE
generalize	INFER
generate	GENERATE
germinate	GROW_PLOW
gesture	SIGN
get	CONTINUE	MOUNT_ASSEMBLE_PRODUCE	COMMUNICATE_CONTACT	MANAGE	RESTORE-TO-PREVIOUS/INITIAL-STATE_UNDO_UNWIND	MOVE-SOMETHING	POSSESS	MUST	MEET	OBTAIN	BEGIN	PUNISH	BEFRIEND	FACE_CHALLENGE	INCITE_INDUCE	CHANGE_SWITCH
gift	GIVE_GIFT
giggle	LAUGH
gird	PREPARE
give	GIVE_GIFT	CHANGE-HANDS	BREAK_DETERIORATE	EMIT	GIVE-UP_ABOLISH_ABANDON	HAPPEN_OCCUR	GIVE-BIRTH
glamorize	EMBELLISH
glance	SEE
glare	SEE
glaze	BLIND
gleam	LIGHT_SHINE
glean	GROUP
glide	TRAVEL
glisten	LIGHT_SHINE
glitter	LIGHT_SHINE
gloat	ENJOY
globalize	INCREASE_ENLARGE_MULTIPLY
glorify	APPROVE_PRAISE
gloss	TREAT
glow	LIGHT_SHINE
glue	ATTACH
glut	LOAD_PROVIDE_CHARGE_FURNISH
gnaw	EAT_BITE
go	CONTINUE	CONSUME_SPEND	RESTORE-TO-PREVIOUS/INITIAL-STATE_UNDO_UNWIND	ACCOMPANY	LEAVE-BEHIND	MODAL	OPERATE	FAIL_LOSE	EXIST-WITH-FEATURE	CHANGE_SWITCH	LEAVE_DEPART_RUN-AWAY	GO-FORWARD	STOP	DISAPPEAR	ORGANIZE	FOLLOW-IN-SPACE	FINISH_CONCLUDE_END	PERFORM	SELL	FOLLOW_SUPPORT_SPONSOR_FUND	HAVE-A-FUNCTION_SERVE	SPEAK
gobble	EAT_BITE
goof	MISTAKE
gore	HURT_HARM_ACHE
gossip	REVEAL
gouge	CAVE_CARVE	STEAL_DEPRIVE
govern	LEAD_GOVERN
grab	CATCH
grace	EMBELLISH
grade	ADJUST_CORRECT
graduate	AMELIORATE
graft	ATTACH
grandstand	PERFORM
grant	GIVE_GIFT
grapple	FACE_CHALLENGE
grasp	UNDERSTAND
gratify	CAUSE-MENTAL-STATE
gray	COLOR
graze	NOURISH_FEED
greet	WELCOME
grieve	CAUSE-MENTAL-STATE
grill	COOK
grimace	FACIAL-EXPRESSION
grin	FACIAL-EXPRESSION
grind	STOP	MOVE-SOMETHING	MAKE-A-SOUND	BREAK_DETERIORATE
grip	CATCH
gripe	OPPOSE_REBEL_DISSENT
groan	SIGNAL_INDICATE
groom	EMBELLISH
grope	TOUCH
gross	EARN
ground	LAND_GET-OFF
group	SORT_CLASSIFY_ARRANGE
grouse	OPPOSE_REBEL_DISSENT
grovel	SHOW
grow	INCREASE_ENLARGE_MULTIPLY	DEVELOP_AGE	CHANGE-APPEARANCE/STATE	GROW_PLOW
growl	MAKE-A-SOUND
grumble	OPPOSE_REBEL_DISSENT
guarantee	GUARANTEE_ENSURE_PROMISE
guard	WATCH_LOOK-OUT
guess	GUESS
guide	DIRECT_AIM_MANEUVER
gun	SHOOT_LAUNCH_PROPEL
gush	APPROVE_PRAISE
gut	REMOVE_TAKE-AWAY_KIDNAP
guzzle	DRINK
gyrate	MOVE-ONESELF
hack	CUT	REDUCE_DIMINISH
haggle	QUARREL_POLEMICIZE
hail	APPROVE_PRAISE	COME-FROM
hallucinate	SEE
halt	STOP
halve	DIVIDE
ham	BEHAVE
hammer	WORK	DISCUSS	HIT
hamper	STOP
hamstring	SUBJUGATE
hand	GIVE_GIFT
handcuff	STOP
handicap	COMPLEXIFY
handle	MANAGE
hang	SPEND-TIME_PASS-TIME	FOLLOW_SUPPORT_SPONSOR_FUND	STOP	HANG	WAIT
happen	HAPPEN_OCCUR
harass	CAUSE-MENTAL-STATE
harbor	CAUSE-MENTAL-STATE
harden	CHANGE-APPEARANCE/STATE
harm	HURT_HARM_ACHE
harness	DIRECT_AIM_MANEUVER
harp	REFER
harry	CAUSE-MENTAL-STATE
harvest	GROUP
hash	DISCUSS
hasten	SPEED-UP
hatch	GIVE-BIRTH
hate	DISLIKE
haul	CARRY_TRANSPORT
haunt	AFFECT
have	AUXILIARY	MODAL	GIVE-BIRTH	EXIST-WITH-FEATURE	INCITE_INDUCE
hawk	SELL
head	REACH	LEAD_GOVERN	GO-FORWARD
headline	LOAD_PROVIDE_CHARGE_FURNISH
headquarter	BE-LOCATED_BASE
heal	HELP_HEAL_CARE_CURE
heap	AMASS
hear	HEAR_LISTEN
hearten	INCITE_INDUCE
heat	AROUSE_WAKE_ENLIVEN	HEAT
heave	THROW	GO-FORWARD	MAKE-A-SOUND
hedge	PROTECT
heed	FOCUS
heighten	INCREASE_ENLARGE_MULTIPLY
helicopter	MOVE-BY-MEANS-OF
help	HELP_HEAL_CARE_CURE	ABSTAIN_AVOID_REFRAIN
hem	SEW
hemorrhage	EXCRETE
herald	SPEAK
herd	GROUP
hesitate	STOP
hew	FOLLOW_SUPPORT_SPONSOR_FUND	HIT
hide	CLOUD_SHADOW_HIDE
highlight	EMPHASIZE
hightail	LEAVE_DEPART_RUN-AWAY
hijack	STEAL_DEPRIVE
hike	TRAVEL
hinder	STOP
hinge	RELY
hint	SPEAK
hire	HIRE
hiss	MAKE-A-SOUND
hit	ASK_REQUEST	ARRIVE	BEGIN	HIT	COURT
hitch	ATTACH
hoard	RETAIN_KEEP_SAVE-MONEY
hobble	STOP
hoe	EXTRACT
hoist	RAISE
hold	RESTRAIN	OBLIGE_FORCE	DELAY	RETAIN_KEEP_SAVE-MONEY	CONTINUE	CONTAIN	POSSESS	BELIEVE	DECREE_DECLARE	ORGANIZE	RESIST	WAIT
hole	STAY_DWELL
holler	MAKE-A-SOUND
hollow	EXTRACT
homer	SCORE
hone	SHARPEN
honk	MAKE-A-SOUND
honor	APPROVE_PRAISE	AGREE_ACCEPT
hoodwink	DECEIVE
hook	ENCLOSE_WRAP	SECURE_FASTEN_TIE
hop	MOVE-BY-MEANS-OF	GO-FORWARD
hope	REQUIRE_NEED_WANT_HOPE
hopscotch	TRAVEL
horrify	CAUSE-MENTAL-STATE
hospitalize	SEND
host	HOST_MEAL_INVITE
hound	OFFEND_DISESTEEM
house	STAY_DWELL
hover	HANG
howl	MAKE-A-SOUND	CRY
huckster	QUARREL_POLEMICIZE
huddle	LOWER	MEET
hug	FIT
hulk	OVERCOME_SURPASS
hum	GO-FORWARD
humanize	CHANGE_SWITCH
humble	DOWNPLAY_HUMILIATE
humiliate	DOWNPLAY_HUMILIATE
hunch	BEND
hunker	LIE
hunt	CHASE
hurl	THROW
hurry	RUN
hurt	HURT_HARM_ACHE
hurtle	GO-FORWARD
hustle	MOVE-ONESELF
hype	PUBLICIZE
hypercontrol	MANAGE
hyperlink	DIRECT_AIM_MANEUVER
hyperventilate	BREATH_BLOW
hypnotize	BEWITCH
hypothesize	BELIEVE
identify	RECOGNIZE_ADMIT_IDENTIFY	MATCH
idle	STOP
idolize	LIKE
ignite	BURN
ignore	DOWNPLAY_HUMILIATE
illuminate	LIGHTEN
illustrate	PAINT	EXPLAIN
imagine	IMAGINE
imbue	AFFECT
imitate	SIMULATE
immerse	ENCLOSE_WRAP
immigrate	LEAVE_DEPART_RUN-AWAY
immunize	HELP_HEAL_CARE_CURE
impact	AFFECT	HIT
impair	DEBASE_ADULTERATE
impeach	ACCUSE
impede	STOP
impel	PERSUADE
impend	HAPPEN_OCCUR
imperil	ENDANGER
impersonate	PERFORM
implant	INSERT
implement	USE
implicate	INCLUDE-AS
implore	ASK_REQUEST
imply	IMPLY
import	CARRY_TRANSPORT
impose	OBLIGE_FORCE
impound	RESTRAIN
impoverish	STEAL_DEPRIVE
impregnate	HAVE-SEX
impress	CAUSE-MENTAL-STATE	TEACH
imprint	PRINT
imprison	CAGE_IMPRISON
improve	INCREASE_ENLARGE_MULTIPLY	AMELIORATE
improvise	CARRY-OUT-ACTION
impugn	FACE_CHALLENGE
inaugurate	BEGIN	ASSIGN-smt-to-smn
incapacitate	STOP
incarcerate	CAGE_IMPRISON
incentivize	INCITE_INDUCE
inch	GO-FORWARD
incinerate	BURN
incise	CAVE_CARVE
incite	INCITE_INDUCE
incline	BEHAVE
include	INCLUDE-AS
incorporate	COMBINE_MIX_UNITE
increase	INCREASE_ENLARGE_MULTIPLY
incriminate	ACCUSE
incubate	DEVELOP_AGE
incur	RISK
indemnify	PROTECT
index	ADJUST_CORRECT
indicate	SIGNAL_INDICATE
indict	ACCUSE
indoctrinate	TEACH
induce	INCITE_INDUCE
indulge	CARRY-OUT-ACTION
industrialize	AMELIORATE
infect	CONTRACT-AN-ILLNESS_INFECT
infer	INFER
infest	COVER_SPREAD_SURMOUNT
infiltrate	VIOLATE
inflame	AROUSE_WAKE_ENLIVEN
inflate	INCREASE_ENLARGE_MULTIPLY
inflict	OBLIGE_FORCE
influence	INFLUENCE
inform	INFORM
infringe	VIOLATE
infuriate	CAUSE-MENTAL-STATE
infuse	FILL
ingest	EAT_BITE
ingrain	TEACH
ingratiate	CAUSE-MENTAL-STATE
inhabit	LIE
inhale	BREATH_BLOW
inherit	OBTAIN
inhibit	PRECLUDE_FORBID_EXPEL
initial	WRITE
initiate	BEGIN
inject	INSERT
injure	HURT_HARM_ACHE
innovate	INSERT
inquire	ASK_REQUEST
inscribe	CAVE_CARVE
insert	INSERT
insist	AFFIRM
inspect	ANALYZE
inspire	INFLUENCE
install	STAY_DWELL
instigate	AROUSE_WAKE_ENLIVEN
instill	INSERT
institute	ESTABLISH
institutionalize	SORT_CLASSIFY_ARRANGE
instruct	ORDER
insulate	PROTECT	ISOLATE
insult	OFFEND_DISESTEEM
insure	GUARANTEE_ENSURE_PROMISE	PROTECT
integrate	COMBINE_MIX_UNITE
intend	PLAN_SCHEDULE
intensify	INCREASE_ENLARGE_MULTIPLY
interact	ALLY_ASSOCIATE_MARRY
intercede	NEGOTIATE
intercept	CATCH
interconnect	JOIN_CONNECT
interest	CAUSE-MENTAL-STATE
interfere	INSERT
interlink	JOIN_CONNECT
interlope	VIOLATE
intermarry	ALLY_ASSOCIATE_MARRY
intermingle	BEFRIEND
intermix	COMBINE_MIX_UNITE
internalize	KNOW
interpret	UNDERSTAND
interrogate	ASK_REQUEST
interrupt	STOP
intersperse	ALTERNATE
intertwine	WEAVE
intervene	PARTICIPATE
interview	ASK_REQUEST
intimate	IMPLY
intimidate	CAUSE-MENTAL-STATE
intone	PERFORM
intoxicate	AROUSE_WAKE_ENLIVEN
intrigue	LIKE
introduce	MEET	INSERT
intrude	VIOLATE
inundate	FILL
inure	CAUSE-MENTAL-STATE
invade	ATTACK_BOMB
invalidate	CANCEL_ELIMINATE
invent	CREATE_MATERIALIZE
invert	INVERT_REVERSE
invest	LEND
investigate	SEARCH
invigorate	AROUSE_WAKE_ENLIVEN
invite	ASK_REQUEST
invoke	ASK_REQUEST
involve	IMPLY
irk	CAUSE-MENTAL-STATE
iron	SETTLE_CONCILIATE
irradiate	SHOW
irritate	CAUSE-MENTAL-STATE
isolate	ISOLATE
issue	EMIT
itemize	RECORD
jab	HIT
jack	RAISE
jail	CAGE_IMPRISON
jam	AMASS
jar	CAUSE-MENTAL-STATE
jell	CHANGE-APPEARANCE/STATE
jeopardize	RISK
jerk	PULL
jest	JOKE
jettison	DISCARD
jiggle	MOVE-SOMETHING
jilt	GIVE-UP_ABOLISH_ABANDON
jingle	MAKE-A-SOUND
jinx	BEWITCH
jockey	DECEIVE
jog	AROUSE_WAKE_ENLIVEN	RUN
join	ALLY_ASSOCIATE_MARRY	JOIN_CONNECT
joke	JOKE
jolt	CAUSE-MENTAL-STATE	MOVE-SOMETHING
jostle	MOVE-SOMETHING
joust	FIGHT
judge	SUBJECTIVE-JUDGING
juggle	MANAGE
jumble	MESS
jump	RAISE	INCREASE_ENLARGE_MULTIPLY	LEAVE_DEPART_RUN-AWAY	BENEFIT_EXPLOIT	JUMP	CAUSE-MENTAL-STATE
junk	DISCARD
justify	PROVE
jut	BULGE-OUT
juxtapose	BORDER
kayo	KNOCK-DOWN
keep	CONTINUE	REMAIN	RETAIN_KEEP_SAVE-MONEY
key	HARMONIZE
kick	BEGIN	HIT
kid	JOKE
kidnap	REMOVE_TAKE-AWAY_KIDNAP
kill	KILL
kindle	BURN
kiss	TOUCH
knead	SHAPE
kneel	LOWER
knit	SEW	SECURE_FASTEN_TIE
knock	KILL	DRINK	CANCEL_ELIMINATE	COPY	KNOCK-DOWN	REMOVE_TAKE-AWAY_KIDNAP	HIT
know	KNOW
kowtow	FLATTER
label	DECREE_DECLARE
labor	TRY
lace	EMBELLISH
lack	MISS_OMIT_LACK
ladder	BREAK_DETERIORATE
lag	GO-FORWARD
lambaste	REPRIMAND
lament	REGRET_SORRY
laminate	COVER_SPREAD_SURMOUNT
land	ARRIVE	LAND_GET-OFF
landfill	DISCARD
languish	WEAKEN
lap	TOUCH
lapse	FINISH_CONCLUDE_END
lash	SECURE_FASTEN_TIE	CRITICIZE
last	CONTINUE
latch	ATTACH
laud	APPROVE_PRAISE
laugh	LAUGH
launch	BEGIN
launder	CONVERT
lavish	GIVE_GIFT
lay	DISMISS_FIRE-SMN	USE	PUT_APPLY_PLACE_PAVE
layover	STOP
leach	REMOVE_TAKE-AWAY_KIDNAP
lead	LEAD_GOVERN	INCITE_INDUCE	BEGIN	MOVE-SOMETHING
leak	FLOW
lean	INCLINE
leap	JUMP	CAUSE-MENTAL-STATE	INCREASE_ENLARGE_MULTIPLY
leapfrog	JUMP
learn	LEARN
lease	LEND	TAKE-A-SERVICE_RENT
leave	LEAVE-BEHIND	LEAVE_DEPART_RUN-AWAY	GIVE_GIFT	MISS_OMIT_LACK
lecture	SPEAK
leer	SEE
legalize	AUTHORIZE_ADMIT
legislate	AUTHORIZE_ADMIT
legitimize	AUTHORIZE_ADMIT
lend	LEND
lengthen	INCREASE_ENLARGE_MULTIPLY
lessen	REDUCE_DIMINISH
let	REDUCE_DIMINISH	REVEAL	LIBERATE_ALLOW_AFFORD	FRUSTRATE_DISAPPOINT
level	FLATTEN_SMOOTHEN	DIRECT_AIM_MANEUVER
leverage	LOAD_PROVIDE_CHARGE_FURNISH
levy	CHARGE
liaise	NEGOTIATE
libel	OFFEND_DISESTEEM
liberalize	AUTHORIZE_ADMIT
liberate	LIBERATE_ALLOW_AFFORD
license	AUTHORIZE_ADMIT
lick	TOUCH
lie	DECEIVE	LIE
lift	RAISE	STEAL_DEPRIVE
light	BURN	LIGHTEN
lighten	SIMPLIFY	REDUCE_DIMINISH	LIGHTEN
like	LIKE	REQUIRE_NEED_WANT_HOPE
liken	COMPARE
limit	RESTRAIN
limp	GO-FORWARD
line	SIGNAL_INDICATE	LIE
linger	WAIT
link	JOIN_CONNECT	CORRELATE
lionize	APPROVE_PRAISE
liquefy	CHANGE-APPEARANCE/STATE
liquidate	PAY
liquidize	CHANGE-APPEARANCE/STATE
liquify	CHANGE-APPEARANCE/STATE
list	INCLINE	CALCULATE_ESTIMATE	RECORD
listen	HEAR_LISTEN
litigate	FACE_CHALLENGE
litter	DIRTY
live	SATISFY_FULFILL	CONTINUE	CANCEL_ELIMINATE	EXIST_LIVE
liven	AROUSE_WAKE_ENLIVEN
load	LOAD_PROVIDE_CHARGE_FURNISH	FILL
loan	LEND
loathe	DISLIKE
lobby	FLATTER
lobotomize	CARRY-OUT-ACTION
localize	PRECLUDE_FORBID_EXPEL
locate	BE-LOCATED_BASE	FIND
lock	GUARANTEE_ENSURE_PROMISE	OPERATE	CAGE_IMPRISON	PRECLUDE_FORBID_EXPEL	SECURE_FASTEN_TIE
lodge	HOLE_PIERCE	ACCUSE
log	CUT	RECORD
loiter	PLAY_SPORT/GAME
long	REQUIRE_NEED_WANT_HOPE
look	SEEM	DISLIKE	WATCH_LOOK-OUT	ANALYZE	DISCOURSE-FUNCTION	SEE	WAIT	SEARCH
loom	APPEAR
loose	UNFASTEN_UNFOLD
loosen	UNFASTEN_UNFOLD
loot	STEAL_DEPRIVE
lop	CUT
lord	LEAD_GOVERN
lose	FAIL_LOSE	MISS_OMIT_LACK	LOSE	DISBAND_BREAK-UP
lounge	LIE
love	LIKE
lower	LOWER
lug	CARRY_TRANSPORT
lull	MAKE-RELAX
lumber	TRAVEL
lump	GROUP
lunge	GO-FORWARD
lurch	GO-FORWARD
lure	LURE_ENTICE
lurk	CLOUD_SHADOW_HIDE
magnetize	CONVERT
magnify	INCREASE_ENLARGE_MULTIPLY
mail	SEND
maintain	RETAIN_KEEP_SAVE-MONEY
major	STUDY
make	MOUNT_ASSEMBLE_PRODUCE	INCITE_INDUCE	ACHIEVE	WRITE	SETTLE_CONCILIATE	CREATE_MATERIALIZE	EXIST-WITH-FEATURE	REACH	PERCEIVE	ADJUST_CORRECT	LEAVE_DEPART_RUN-AWAY	GO-FORWARD	LIGHT-VERB	RESULT_CONSEQUENCE	REPRESENT	EARN	ARRIVE
malign	OFFEND_DISESTEEM
man	WORK
manage	ACHIEVE	MANAGE
mandate	OBLIGE_FORCE
maneuver	DIRECT_AIM_MANEUVER
manhandle	TREAT
manifest	SHOW
manipulate	TOUCH	MANAGE
manufacture	MOUNT_ASSEMBLE_PRODUCE
map	PLAN_SCHEDULE
mar	DEBASE_ADULTERATE
march	GO-FORWARD	AMELIORATE
marginalize	DEBASE_ADULTERATE
marinate	DIP_DIVE
mark	INCREASE_ENLARGE_MULTIPLY	SIGNAL_INDICATE	DISTINGUISH_DIFFER
market	SELL
marry	ALLY_ASSOCIATE_MARRY
marshal	SORT_CLASSIFY_ARRANGE
martyr	KILL
marvel	CAUSE-MENTAL-STATE
mask	COVER_SPREAD_SURMOUNT
masquerade	DECEIVE
mass	AMASS
massacre	KILL
massage	TOUCH
master	LEARN
mastermind	ORGANIZE
match	MATCH
mate	HAVE-SEX
materialize	APPEAR
matter	BURDEN_BEAR
mature	DEVELOP_AGE
maul	HURT_HARM_ACHE
maximize	INCREASE_ENLARGE_MULTIPLY
mean	IMPLY
meander	TRAVEL
measure	MEASURE_EVALUATE
meddle	VIOLATE
mediate	NEGOTIATE
medicate	HELP_HEAL_CARE_CURE
meditate	THINK
meet	SATISFY_FULFILL	MEET	KNOW
meld	HARMONIZE
mellow	CAUSE-MENTAL-STATE
melt	CONVERT
memorialize	APPROVE_PRAISE
memorize	STUDY
menace	ENDANGER
mend	REPAIR_REMEDY
mention	SPEAK
meow	MAKE-A-SOUND
merchandise	SELL
merge	HARMONIZE
merit	EXIST-WITH-FEATURE
mesh	ORGANIZE
mess	MESS	PARTICIPATE
metabolize	MOUNT_ASSEMBLE_PRODUCE
metamorphose	CHANGE-APPEARANCE/STATE
mic	JOIN_CONNECT
miff	CAUSE-MENTAL-STATE
migrate	GO-FORWARD
militate	OPPOSE_REBEL_DISSENT
milk	BENEFIT_EXPLOIT	EXTRACT
mill	TRAVEL
mime	SIMULATE
mimic	SIMULATE
mince	CUT
mind	WATCH_LOOK-OUT	OFFEND_DISESTEEM	HELP_HEAL_CARE_CURE
mine	EXTRACT
mingle	PARTICIPATE
miniaturize	PAINT
minimize	REDUCE_DIMINISH
mint	CREATE_MATERIALIZE
mire	STOP
mirror	REFLECT
misappropriate	STEAL_DEPRIVE
misbehave	BEHAVE
miscalculate	CALCULATE_ESTIMATE
mischaracterize	MISTAKE
misconstrue	INTERPRET
misdiagnose	MISTAKE
misfire	FAIL_LOSE
misguide	DIRECT_AIM_MANEUVER
mishandle	MANAGE
misinterpret	INTERPRET
mislay	PUT_APPLY_PLACE_PAVE
mislead	DECEIVE
mismanage	MANAGE
misplace	PUT_APPLY_PLACE_PAVE
misread	INTERPRET
misrepresent	REPRESENT
miss	MISS_OMIT_LACK
misspend	SPEND-TIME_PASS-TIME
misstate	SPEAK
mistake	MISTAKE
mistreat	TREAT
mistrust	RELY
misunderstand	INTERPRET
misuse	VIOLATE
mitigate	REDUCE_DIMINISH
mix	ADD	COMBINE_MIX_UNITE
moan	MAKE-A-SOUND
mob	AMASS
mobilize	PREPARE
mock	JOKE
model	WORK	MOUNT_ASSEMBLE_PRODUCE
moderate	REDUCE_DIMINISH
modernize	AMELIORATE
modify	CHANGE_SWITCH
modulate	CHANGE_SWITCH
moisturize	WET
mold	CREATE_MATERIALIZE
molest	ATTACK_BOMB
mollify	MAKE-RELAX
monetize	AUTHORIZE_ADMIT
monitor	WATCH_LOOK-OUT
monkey	WORK
monopolize	POSSESS
moonlight	WORK
moor	SECURE_FASTEN_TIE
moot	TAKE-INTO-ACCOUNT_CONSIDER
mop	WASH_CLEAN
morph	CHANGE-APPEARANCE/STATE
mortgage	LEND
motivate	INCITE_INDUCE	JUSTIFY_EXCUSE
motorize	LOAD_PROVIDE_CHARGE_FURNISH
mount	RAISE	INCREASE_ENLARGE_MULTIPLY	MOUNT_ASSEMBLE_PRODUCE
mourn	CAUSE-MENTAL-STATE
mouth	SPEAK
move	MOVE-SOMETHING	ATTACK_BOMB	CARRY-OUT-ACTION	CAUSE-MENTAL-STATE	ORGANIZE
mow	CUT
muck	MESS
muddle	MESS
muddy	DIRTY
muffle	CLOUD_SHADOW_HIDE
mull	THINK
multi-task	WORK
multiply	INCREASE_ENLARGE_MULTIPLY
mumble	SPEAK
mummify	PRESERVE
munch	EAT_BITE
murder	KILL
murmur	SPEAK
muscle	MOVE-SOMETHING
muse	THINK
mushroom	INCREASE_ENLARGE_MULTIPLY
muster	AMASS
mutate	CHANGE-APPEARANCE/STATE
mute	STOP
mutilate	HURT_HARM_ACHE
muzzle	STOP
mystify	CAUSE-MENTAL-STATE
nab	REMOVE_TAKE-AWAY_KIDNAP
nail	ACHIEVE	ATTACH
name	NAME	ASSIGN-smt-to-smn
namedrop	CITE
nap	SLEEP
narrate	SPEAK
narrow	REDUCE_DIMINISH
nationalize	COMMUNIZE
natter	SPEAK
navigate	DIRECT_AIM_MANEUVER
near	GO-FORWARD
necessitate	REQUIRE_NEED_WANT_HOPE
need	REQUIRE_NEED_WANT_HOPE
negate	COMPENSATE
neglect	MISS_OMIT_LACK
negotiate	NEGOTIATE
neigh	MAKE-A-SOUND
neighbor	BORDER
nestle	LIE
net	GIVE_GIFT	EARN	OBTAIN
network	COMMUNICATE_CONTACT
neutralize	COMPENSATE
nibble	EAT_BITE
nick	CUT
nickel	COVER_SPREAD_SURMOUNT
nickname	NAME
nod	SIGN
nominate	ASSIGN-smt-to-smn
normalize	ADJUST_CORRECT
nosedive	FALL_SLIDE-DOWN
notch	INCREASE_ENLARGE_MULTIPLY	RECORD
note	WRITE	PERCEIVE
notice	PERCEIVE
notify	INFORM
nourish	NOURISH_FEED
nudge	TOUCH	GO-FORWARD
nullify	CANCEL_ELIMINATE
numb	WEAKEN
number	REACH
nurse	HELP_HEAL_CARE_CURE
nurture	INCREASE_ENLARGE_MULTIPLY
nuzzle	TOUCH
obey	OBEY
obfuscate	COMPLEXIFY
object	CRITICIZE
obligate	OBLIGE_FORCE
oblige	OBLIGE_FORCE	LOAD_PROVIDE_CHARGE_FURNISH
obliterate	CANCEL_ELIMINATE
obscure	CLOUD_SHADOW_HIDE
observe	SEE	SPEAK
obsess	CAUSE-MENTAL-STATE
obstruct	STOP
obtain	OBTAIN
obviate	PRECLUDE_FORBID_EXPEL
occasion	CREATE_MATERIALIZE
occupy	REQUIRE_NEED_WANT_HOPE
occur	HAPPEN_OCCUR
offend	OFFEND_DISESTEEM
offer	SELL
offload	EMPTY_UNLOAD
offset	COMPENSATE
ogle	SEE
oil	COVER_SPREAD_SURMOUNT
omit	MISS_OMIT_LACK
ooze	FLOW
open	OPEN	BEGIN
operate	HELP_HEAL_CARE_CURE	OPERATE
opine	SPEAK
oppose	RESIST
opt	CHOOSE
optimize	AMELIORATE
orchestrate	ORGANIZE
ordain	ORDER
order	ORDER	ASK_REQUEST
organize	ORGANIZE
orient	ORIENT
originate	BEGIN
orphan	STEAL_DEPRIVE
oscillate	MOVE-ONESELF
ostracize	ABSTAIN_AVOID_REFRAIN
oust	DISMISS_FIRE-SMN
out	REVEAL
outbid	BID
outdo	OVERCOME_SURPASS
outfit	LOAD_PROVIDE_CHARGE_FURNISH
outflank	OVERCOME_SURPASS
outgrow	OVERCOME_SURPASS
outlast	OVERCOME_SURPASS
outlaw	PRECLUDE_FORBID_EXPEL
outline	SUMMARIZE
outlive	OVERCOME_SURPASS
outnumber	OVERCOME_SURPASS
outpace	OVERCOME_SURPASS
outperform	OVERCOME_SURPASS
outrage	CAUSE-MENTAL-STATE
outsell	OVERCOME_SURPASS
outshine	OVERCOME_SURPASS
outsource	OBTAIN
outstrip	OVERCOME_SURPASS
outweigh	OVERCOME_SURPASS
overarch	COVER_SPREAD_SURMOUNT
overawe	CAUSE-MENTAL-STATE
overbid	BID	OVERCOME_SURPASS
overcharge	REQUIRE_NEED_WANT_HOPE
overcome	OVERCOME_SURPASS
overdo	INCREASE_ENLARGE_MULTIPLY
overdose	HURT_HARM_ACHE
overemphasize	EMPHASIZE
overestimate	CALCULATE_ESTIMATE
overflow	FLOW
overhang	HANG
overhaul	AMELIORATE
overhear	HEAR_LISTEN
overheat	HEAT
overindulge	CARRY-OUT-ACTION
overlap	OVERLAP
overlay	COVER_SPREAD_SURMOUNT
overload	FILL
overlook	MISS_OMIT_LACK	ORIENT
overpay	PAY
overpopulate	POPULATE
overpower	DEFEAT
overprice	CALCULATE_ESTIMATE
overrate	SUBJECTIVE-JUDGING
overreact	REACT
override	LEAD_GOVERN
overrule	DEFEAT
overrun	COVER_SPREAD_SURMOUNT
oversee	WATCH_LOOK-OUT
oversell	SELL
overshadow	COMPARE
oversight	WATCH_LOOK-OUT
oversimplify	SIMPLIFY
overstate	INCREASE_ENLARGE_MULTIPLY
overstay	STAY_DWELL
overstep	OVERCOME_SURPASS
overstock	RETAIN_KEEP_SAVE-MONEY
overstrain	EXHAUST
overtake	OVERCOME_SURPASS
overtax	CHARGE
overthink	THINK
overthrow	DEFEAT
overturn	INVERT_REVERSE
overuse	USE
overvalue	CALCULATE_ESTIMATE
overwhelm	OVERCOME_SURPASS
overwork	BENEFIT_EXPLOIT
owe	PAY
own	POSSESS	RECOGNIZE_ADMIT_IDENTIFY
oxidize	COMBINE_MIX_UNITE
pace	MOVE-ONESELF
pacify	MAKE-RELAX
pack	PRESS_PUSH_FOLD	AMASS
package	INSERT
pad	FILL
paint	REPRESENT	PAINT
pair	JOIN_CONNECT
pale	COLOR
palm	SELL
pamper	TREAT
pan	SEPARATE_FILTER_DETACH	ACHIEVE
pander	CAUSE-MENTAL-STATE
panhandle	ASK_REQUEST
panic	CAUSE-MENTAL-STATE
pant	BREATH_BLOW
parachute	FALL_SLIDE-DOWN
parade	TRAVEL
parallel	MATCH
paralyze	STOP
paraphrase	SPEAK
parcel	GIVE_GIFT
pardon	PARDON
pare	CUT	REDUCE_DIMINISH
park	MOVE-SOMETHING
parlay	BENEFIT_EXPLOIT
parole	LIBERATE_ALLOW_AFFORD
parrot	REPEAT
parry	ABSTAIN_AVOID_REFRAIN
part	DISBAND_BREAK-UP
partake	SHARE
participate	PARTICIPATE
partition	SEPARATE_FILTER_DETACH
pass	ACHIEVE	SLEEP	LEAVE-BEHIND	GIVE_GIFT	MISS_OMIT_LACK	DECEIVE	AUTHORIZE_ADMIT	CHANGE-HANDS	SUBJECTIVE-JUDGING	HAPPEN_OCCUR	OVERCOME_SURPASS	KILL	REFUSE
paste	ATTACH
pasteurize	HEAT
patch	REPAIR_REMEDY
patent	POSSESS
patrol	WATCH_LOOK-OUT
patronize	FOLLOW_SUPPORT_SPONSOR_FUND
pattern	SHAPE
pause	STOP
pave	PUT_APPLY_PLACE_PAVE	PREPARE
pawn	SELL
pay	ACHIEVE	PAY
peacemake	BEFRIEND
peak	REACH
peal	MAKE-A-SOUND
peck	EAT_BITE
pedal	MOVE-BY-MEANS-OF
peddle	SELL
pederastize	COURT
pee	EXCRETE
peek	SEE
peel	REMOVE_TAKE-AWAY_KIDNAP
peer	SEARCH
peg	COMPENSATE
pen	WRITE
penalize	PUNISH
pend	WAIT
penetrate	ENTER
people	FILL
pepper	ATTACK_BOMB
perceive	PERCEIVE
perch	LIE
perfect	AMELIORATE
perform	PERFORM
perish	KILL
perk	AROUSE_WAKE_ENLIVEN
permeate	AFFECT
permit	AUTHORIZE_ADMIT
perpetrate	VIOLATE
perpetuate	CONTINUE
perplex	CAUSE-MENTAL-STATE
persecute	HURT_HARM_ACHE
persevere	CONTINUE
persist	CONTINUE
personalize	CHANGE_SWITCH
perspire	EXCRETE
persuade	PERSUADE
pertain	REFER
perturb	CAUSE-MENTAL-STATE
peruse	ANALYZE
pervade	AFFECT
pervert	VIOLATE
pester	CAUSE-MENTAL-STATE
petition	ASK_REQUEST
phase	FINISH_CONCLUDE_END
philosophize	THINK
phone	COMMUNICATE_CONTACT
photocopy	COPY
photograph	RECORD
pick	BUY	INCREASE_ENLARGE_MULTIPLY	CONTINUE	REMOVE_TAKE-AWAY_KIDNAP	SUBJUGATE	CHOOSE	HIT
pickle	PRESERVE
picture	SHOW
piece	JOIN_CONNECT
pierce	HOLE_PIERCE
piggyback	CARRY_TRANSPORT
pile	GO-FORWARD	AMASS
pillory	JOKE
pilot	MOVE-BY-MEANS-OF
pin	ATTACH
pinch	RETAIN_KEEP_SAVE-MONEY	PRESS_PUSH_FOLD	STEAL_DEPRIVE
pine	WEAKEN
ping	MAKE-A-SOUND
pinpoint	DECIDE_DETERMINE
pioneer	ESTABLISH
pipe	CARRY_TRANSPORT
pique	CAUSE-MENTAL-STATE
pirate	STEAL_DEPRIVE
piss	CAUSE-MENTAL-STATE	EXCRETE
pit	FACE_CHALLENGE	HURT_HARM_ACHE
pitch	THROW	ALLY_ASSOCIATE_MARRY	PUBLICIZE	ADJUST_CORRECT
pivot	MOVE-ONESELF
placate	MAKE-RELAX
place	PUT_APPLY_PLACE_PAVE
plagiarize	STEAL_DEPRIVE
plague	CAUSE-MENTAL-STATE
plan	PLAN_SCHEDULE
plane	CUT
plant	PUT_APPLY_PLACE_PAVE
plaster	ATTACH
plate	COVER_SPREAD_SURMOUNT
play	FINISH_CONCLUDE_END	PERFORM	FACE_CHALLENGE	FLATTER	AFFECT	PLAY_SPORT/GAME	DOWNPLAY_HUMILIATE	EMPHASIZE
plead	ASK_REQUEST	DECREE_DECLARE
please	CAUSE-MENTAL-STATE
pledge	GUARANTEE_ENSURE_PROMISE
plot	PLAN_SCHEDULE
plow	GROW_PLOW
pluck	REMOVE_TAKE-AWAY_KIDNAP
plug	STOP	PUBLICIZE	INSERT
plummet	REDUCE_DIMINISH
plunder	STEAL_DEPRIVE
plunge	DIP_DIVE	REDUCE_DIMINISH
ply	WORK	LOAD_PROVIDE_CHARGE_FURNISH
poach	HUNT
pocket	STEAL_DEPRIVE
pockmark	HURT_HARM_ACHE
point	SIGNAL_INDICATE	DIRECT_AIM_MANEUVER
poise	COMPENSATE
poison	GIVE_GIFT	KILL
poke	HOLE_PIERCE	SEARCH
police	WATCH_LOOK-OUT
polish	WASH_CLEAN	EMBELLISH
politicize	CHANGE_SWITCH
poll	ASK_REQUEST
pollinate	HAVE-SEX
pollute	DIRTY
ponder	THINK
pontificate	SPEAK
poo	EXCRETE
pool	COMBINE_MIX_UNITE
pop	HIT	APPEAR	EXPLODE	MOVE-SOMETHING
popularize	INFORM
populate	POPULATE
pore	FOCUS
portend	SIGNAL_INDICATE
portray	REPRESENT
pose	CREATE_MATERIALIZE	DECEIVE
position	PUT_APPLY_PLACE_PAVE
possess	EXIST-WITH-FEATURE
post	RECORD
postmark	PUT_APPLY_PLACE_PAVE
postpone	DELAY
posture	BEHAVE
pounce	GO-FORWARD
pound	TRAVEL	HIT
pour	SPILL_POUR	METEOROLOGICAL
power	OPERATE
practice	TRY
practise	WORK
praise	APPROVE_PRAISE
prance	MOVE-ONESELF
pray	SPEAK
pre-empt	REACT
pre-separate	SEPARATE_FILTER_DETACH
preach	FOLLOW_SUPPORT_SPONSOR_FUND
prearrange	PLAN_SCHEDULE
precede	PRECEDE
precipitate	WORSEN
preclude	PRECLUDE_FORBID_EXPEL
predate	PRECEDE
predetermine	INFLUENCE
predicate	IMPLY
predict	GUESS
predispose	PREPARE
preempt	PRECLUDE_FORBID_EXPEL
prefer	CHOOSE
prejudice	INFLUENCE
premiere	SHOW
preoccupy	CAUSE-MENTAL-STATE
prepare	ORGANIZE	PREPARE
prepay	PAY
presage	GUESS
prescribe	ORDER	GIVE_GIFT
present	GIVE_GIFT
preserve	PRESERVE
preside	MANAGE
press	OBLIGE_FORCE	PUBLISH	PRESS_PUSH_FOLD
pressure	OBLIGE_FORCE	INFLUENCE
presume	SUPPOSE
pretend	DECEIVE
prevail	WIN	CONTINUE
prevent	PRECLUDE_FORBID_EXPEL
preview	SEE
prey	BENEFIT_EXPLOIT
price	CALCULATE_ESTIMATE
prick	HOLE_PIERCE
prime	PREPARE
print	PRINT
prioritize	LOCATE-IN-TIME_DATE
privatize	SELL
prize	LIKE
probe	ANALYZE
proceed	CONTINUE
process	PREPARE
proclaim	SPEAK
procrastinate	DELAY
procure	OBTAIN
prod	INCITE_INDUCE
produce	MOUNT_ASSEMBLE_PRODUCE
profess	DECREE_DECLARE
proffer	GIVE_GIFT
profile	REPRESENT
profit	BENEFIT_EXPLOIT
profiteer	BENEFIT_EXPLOIT
program	CREATE_MATERIALIZE
progress	MOVE-SOMETHING
prohibit	PRECLUDE_FORBID_EXPEL
project	IMAGINE	DIRECT_AIM_MANEUVER
proliferate	INCREASE_ENLARGE_MULTIPLY
prolong	EXTEND
promise	GUARANTEE_ENSURE_PROMISE
promote	FOLLOW_SUPPORT_SPONSOR_FUND	PROMOTE
prompt	PERSUADE	INCITE_INDUCE
promulgate	SPEAK
pronounce	PRONOUNCE
proof	PROVE
proofread	VERIFY
prop	STABILIZE_SUPPORT-PHYSICALLY
propagate	CIRCULATE_SPREAD_DISTRIBUTE
propel	MOVE-SOMETHING
prophesy	GUESS
propose	PROPOSE
prosecute	ACCUSE
prosper	AMELIORATE
prostrate	LOWER
protect	PROTECT
protest	OPPOSE_REBEL_DISSENT
protract	INCREASE_ENLARGE_MULTIPLY
protrude	BULGE-OUT
prove	PROVE
provide	LOAD_PROVIDE_CHARGE_FURNISH
provoke	AROUSE_WAKE_ENLIVEN
prune	CUT
pry	OPEN
publicize	SPEAK
publish	PUBLISH
puff	BREATH_BLOW	INCREASE_ENLARGE_MULTIPLY
pull	ATTRACT_SUCK	CARRY-OUT-ACTION	LEAVE_DEPART_RUN-AWAY	TURN_CHANGE-DIRECTION	OVERCOME_SURPASS	PULL
pulsate	MOVE-ONESELF
pulverize	BREAK_DETERIORATE
pummel	HIT
pump	REMOVE_TAKE-AWAY_KIDNAP	LOAD_PROVIDE_CHARGE_FURNISH	FILL	FLOW
punch	HIT
punctuate	STOP
punish	PUNISH
purchase	BUY
purge	EXCRETE
purify	WASH_CLEAN
purport	REQUIRE_NEED_WANT_HOPE
purr	MAKE-A-SOUND
pursue	FOLLOW-IN-SPACE
push	PUBLICIZE	MOVE-SOMETHING	PERSUADE	DEVELOP_AGE	ESTABLISH
put	DELAY	RETAIN_KEEP_SAVE-MONEY	MOUNT_ASSEMBLE_PRODUCE	CAUSE-MENTAL-STATE	PUBLISH	PERFORM	PAY	TOLERATE	WEAKEN	PUT_APPLY_PLACE_PAVE	SPEAK
putter	TRAVEL
putz	WORK
puzzle	CAUSE-MENTAL-STATE
pyramid	INCREASE_ENLARGE_MULTIPLY
quack	MAKE-A-SOUND
quadruple	INCREASE_ENLARGE_MULTIPLY
qualify	REPRESENT	EXIST-WITH-FEATURE
quantify	MEASURE_EVALUATE
quarrel	QUARREL_POLEMICIZE
quash	CANCEL_ELIMINATE
quell	SUBJUGATE
quench	SUBJUGATE
query	ASK_REQUEST
question	ASK_REQUEST
quibble	ARGUE-IN-DEFENSE
quicken	SPEED-UP
quiet	MAKE-RELAX
quip	JOKE
quit	RESIGN_RETIRE
quiver	MOVE-ONESELF
quiz	VERIFY
quote	CITE
race	COMPETE	RUN
rack	BUY
radiate	EMIT
radio	TRANSMIT
rag	CAUSE-MENTAL-STATE
rage	ATTACK_BOMB
raid	ATTACK_BOMB
rail	OPPOSE_REBEL_DISSENT
railroad	OBLIGE_FORCE
rain	METEOROLOGICAL
raise	GROUP	RAISE	DEVELOP_AGE
rake	GROUP	OBTAIN
rally	INCREASE_ENLARGE_MULTIPLY	AMASS
ram	HIT
ramble	TRAVEL	SPEAK
ramp	STRENGTHEN_MAKE-RESISTANT
ranch	WORK
range	MOVE-ONESELF
rank	SUBJECTIVE-JUDGING
rankle	CAUSE-MENTAL-STATE
rap	HIT
rape	ATTACK_BOMB
rat	BETRAY
ratchet	MOVE-ONESELF
rate	CALCULATE_ESTIMATE
ratify	APPROVE_PRAISE
ration	RESTRAIN
rationalize	JUSTIFY_EXCUSE
rattle	SPEAK	MAKE-A-SOUND	MOVE-ONESELF
ravage	DESTROY
rave	SPEAK
ravish	CAUSE-MENTAL-STATE
raze	FLATTEN_SMOOTHEN
re-create	CREATE_MATERIALIZE
re-debate	DISCUSS
re-elect	CHOOSE
re-emerge	APPEAR
re-employ	HIRE
re-enact	SIMULATE
re-engage	CARRY-OUT-ACTION
re-enter	ENTER
re-evaluate	MEASURE_EVALUATE
re-export	SELL
re-fight	FIGHT
re-landscape	EMBELLISH
re-ship	CARRY_TRANSPORT
re-unify	COMBINE_MIX_UNITE
re-victimize	HURT_HARM_ACHE
reach	REACH	EXTEND	ARRIVE
react	REACT
reactivate	AROUSE_WAKE_ENLIVEN
read	READ
readjust	ADJUST_CORRECT
readmit	AUTHORIZE_ADMIT
ready	PREPARE
reaffirm	AFFIRM
realign	ADJUST_CORRECT
realize	UNDERSTAND	CREATE_MATERIALIZE
reap	OBTAIN
reappear	APPEAR
reapply	ASK_REQUEST
reapportion	CIRCULATE_SPREAD_DISTRIBUTE
reappraise	MEASURE_EVALUATE
rear	RAISE	DEVELOP_AGE
rearm	LOAD_PROVIDE_CHARGE_FURNISH
rearrange	SORT_CLASSIFY_ARRANGE
reason	INFER
reassemble	MOUNT_ASSEMBLE_PRODUCE
reassert	AFFIRM
reassess	THINK
reassign	ASSIGN-smt-to-smn
reassure	MAKE-RELAX
reawaken	AROUSE_WAKE_ENLIVEN
rebel	OPPOSE_REBEL_DISSENT
rebound	MOVE-BACK
rebuff	REFUSE
rebuild	MOUNT_ASSEMBLE_PRODUCE
rebut	DISCUSS
recalculate	CALCULATE_ESTIMATE
recalibrate	ADJUST_CORRECT
recall	RECALL	REMEMBER
recant	SPEAK
recap	SUMMARIZE
recapture	CATCH
recast	RENEW
recede	MOVE-BACK
receive	RECEIVE
recess	PUT_APPLY_PLACE_PAVE
recharge	FUEL
recheck	VERIFY
recirculate	MOVE-ONESELF
recite	SPEAK
reckon	SUBJECTIVE-JUDGING	TAKE-INTO-ACCOUNT_CONSIDER
reclaim	REQUIRE_NEED_WANT_HOPE
reclassify	SORT_CLASSIFY_ARRANGE
recognize	APPROVE_PRAISE	UNDERSTAND
recoil	MOVE-BACK
recombine	COMBINE_MIX_UNITE
recommend	PROPOSE
reconcile	SETTLE_CONCILIATE
reconsider	CONSIDER
reconstruct	MOUNT_ASSEMBLE_PRODUCE
reconvene	MEET
record	RECORD
recount	SPEAK
recoup	OBTAIN
recover	HELP_HEAL_CARE_CURE	OBTAIN
recreate	CREATE_MATERIALIZE
recruit	HIRE
rectify	ADJUST_CORRECT
recuperate	HELP_HEAL_CARE_CURE
recur	HAPPEN_OCCUR
recuse	DEBASE_ADULTERATE
recycle	USE
redden	COLOR
redecorate	EMBELLISH
redeem	PAY
redefine	NAME
redeploy	SORT_CLASSIFY_ARRANGE
redesign	CREATE_MATERIALIZE
redevelop	CREATE_MATERIALIZE
redirect	DIRECT_AIM_MANEUVER
rediscover	FIND
redistribute	SORT_CLASSIFY_ARRANGE
redline	SUBJECTIVE-JUDGING
redo	REPEAT
redouble	INCREASE_ENLARGE_MULTIPLY
redound	MOVE-BACK
redress	PAY
reduce	REDUCE_DIMINISH
reek	ODORIZE
reel	CAUSE-MENTAL-STATE	ROLL	SPEAK
reestablish	RESTORE-TO-PREVIOUS/INITIAL-STATE_UNDO_UNWIND
reevaluate	MEASURE_EVALUATE
reexamine	ANALYZE
refashion	RENEW
refer	NAME	SEND
reference	CITE
refinance	PAY	REPEAT
refine	AMELIORATE
reflect	THINK	REFLECT
refocus	FOCUS
reform	AMELIORATE
reformulate	AMELIORATE
refrain	ABSTAIN_AVOID_REFRAIN
refresh	COOL
refuel	FUEL
refund	GIVE_GIFT
refurbish	EMBELLISH
refuse	REFUSE
refute	PROVE
regain	OBTAIN
regard	SUBJECTIVE-JUDGING
regenerate	CREATE_MATERIALIZE
register	RECORD
regress	RESTORE-TO-PREVIOUS/INITIAL-STATE_UNDO_UNWIND
regret	REGRET_SORRY
regroup	SORT_CLASSIFY_ARRANGE
regulate	ADJUST_CORRECT
regurgitate	EXCRETE
rehabilitate	RESTORE-TO-PREVIOUS/INITIAL-STATE_UNDO_UNWIND
rehash	DISCUSS
rehearse	TRY
rehire	HIRE
reign	LEAD_GOVERN
reignite	BURN
reimagine	IMAGINE
reimburse	PAY
reimpose	CHARGE
rein	STOP
reinforce	STRENGTHEN_MAKE-RESISTANT
reinscribe	CAVE_CARVE
reinstall	MOUNT_ASSEMBLE_PRODUCE
reinstate	RESTORE-TO-PREVIOUS/INITIAL-STATE_UNDO_UNWIND
reintegrate	ADD
reintroduce	BRING
reinvent	RENEW
reinvigorate	AROUSE_WAKE_ENLIVEN
reiterate	REPEAT
reject	REFUSE
rejoice	CAUSE-MENTAL-STATE
rejoin	ALLY_ASSOCIATE_MARRY
rejuvenate	HELP_HEAL_CARE_CURE
rekindle	BURN
relapse	WORSEN
relate	CORRELATE	SPEAK
relax	MAKE-RELAX
relay	SEND
release	LIBERATE_ALLOW_AFFORD
relegate	DRIVE-BACK
relent	GIVE-UP_ABOLISH_ABANDON
relieve	HELP_HEAL_CARE_CURE	EXEMPT
relinquish	GIVE-UP_ABOLISH_ABANDON
relish	ENJOY
relive	UNDERGO-EXPERIENCE
relocate	MOVE-SOMETHING
rely	RELY
remain	REMAIN
remake	RENEW
remand	DRIVE-BACK
remark	SPEAK
remarry	ALLY_ASSOCIATE_MARRY
remedy	ADJUST_CORRECT
remember	REMEMBER
remind	REMEMBER
reminisce	REMEMBER
remit	SEND
remodel	RENEW
remove	REMOVE_TAKE-AWAY_KIDNAP
remunerate	PAY
rename	NAME
render	LOAD_PROVIDE_CHARGE_FURNISH	CHANGE-APPEARANCE/STATE	PERFORM
rendezvous	MEET
renege	FAIL_LOSE
renegotiate	NEGOTIATE
renew	ESTABLISH
renounce	GIVE-UP_ABOLISH_ABANDON
renovate	REPAIR_REMEDY
rent	LEND	TAKE-A-SERVICE_RENT
reopen	OPEN
reorganize	ORGANIZE
reorient	ORIENT
repack	INSERT
repackage	INSERT
repaint	PAINT
repair	REPAIR_REMEDY
repatriate	AUTHORIZE_ADMIT
repay	PAY
repeal	CANCEL_ELIMINATE
repeat	REPEAT
repel	DRIVE-BACK
repent	REGRET_SORRY
rephrase	SPEAK
replace	REPLACE
replant	GROW_PLOW
replenish	FILL
replicate	REPEAT
reply	ANSWER
report	INFORM
reposition	PUT_APPLY_PLACE_PAVE
repossess	GIVE_GIFT
repost	PUBLISH
represent	REPRESENT
repress	SUBJUGATE
reprimand	REPRIMAND
reprint	COPY
reprocess	PREPARE
reproduce	COPY
reprove	PUNISH
repudiate	REFUSE
repute	TREAT
request	ASK_REQUEST
require	REQUIRE_NEED_WANT_HOPE
requisition	ASK_REQUEST
reroute	DIRECT_AIM_MANEUVER
reschedule	PLAN_SCHEDULE
rescind	GIVE_GIFT
rescue	HELP_HEAL_CARE_CURE
research	SEARCH
resell	SELL
resemble	SEEM
resent	DISLIKE
reserve	RESERVE
reset	RESTORE-TO-PREVIOUS/INITIAL-STATE_UNDO_UNWIND
resettle	DIP_DIVE
reshape	ESTABLISH
reshuffle	MESS
reside	STAY_DWELL
resign	RESIGN_RETIRE
resist	RESIST
resolve	SETTLE_CONCILIATE	DECIDE_DETERMINE
resonate	MAKE-A-SOUND
resort	RESULT_CONSEQUENCE
resound	MAKE-A-SOUND
respect	LIKE
respond	REACT
rest	PUT_APPLY_PLACE_PAVE	RELY
restart	CONTINUE
restate	MEASURE_EVALUATE	REPEAT
restore	GIVE_GIFT	HELP_HEAL_CARE_CURE
restrain	RESTRAIN
restrict	RESTRAIN
restructure	ORGANIZE
result	RESULT_CONSEQUENCE
resume	CONTINUE
resupply	LOAD_PROVIDE_CHARGE_FURNISH
resurface	APPEAR
resurrect	MOVE-BACK
resuscitate	MOVE-BACK
retail	SELL
retain	RETAIN_KEEP_SAVE-MONEY
retake	GIVE_GIFT
retaliate	ATTACK_BOMB
retard	DELAY
rethink	BELIEVE
retire	PAY	RESIGN_RETIRE
retool	ADJUST_CORRECT
retrace	MOVE-BACK
retract	RESTORE-TO-PREVIOUS/INITIAL-STATE_UNDO_UNWIND
retrain	STUDY
retreat	MOVE-BACK	REDUCE_DIMINISH
retrench	STRENGTHEN_MAKE-RESISTANT
retrieve	BRING
retrofit	AMELIORATE
retrogress	WORSEN
retry	SUBJECTIVE-JUDGING
return	MOVE-BACK	GIVE_GIFT	RESTORE-TO-PREVIOUS/INITIAL-STATE_UNDO_UNWIND
reunite	ALLY_ASSOCIATE_MARRY
reup	INCREASE_ENLARGE_MULTIPLY
reuse	USE
rev	INCREASE_ENLARGE_MULTIPLY
revalue	MEASURE_EVALUATE
revamp	REPAIR_REMEDY
reveal	REVEAL
revel	LIKE
reverberate	MAKE-A-SOUND
revere	LIKE
reverse	INVERT_REVERSE
revert	RESTORE-TO-PREVIOUS/INITIAL-STATE_UNDO_UNWIND
review	VERIFY
revile	OFFEND_DISESTEEM
revise	ADJUST_CORRECT
revisit	VISIT
revitalize	AROUSE_WAKE_ENLIVEN
revive	AROUSE_WAKE_ENLIVEN
revoke	CANCEL_ELIMINATE
revolutionize	CHANGE_SWITCH
revolve	TRAVEL
reward	GIVE_GIFT
rework	AMELIORATE
rewrite	WRITE
rhyme	MATCH
rid	CANCEL_ELIMINATE
ridden	FILL
riddle	AFFECT
ride	MOVE-BY-MEANS-OF	OVERCOME_SURPASS
ridicule	JOKE
riff	JOKE
rig	MOUNT_ASSEMBLE_PRODUCE	FAKE
right	ADJUST_CORRECT
rile	CAUSE-MENTAL-STATE
rim	LIE
ring	ENCLOSE_WRAP	COMMUNICATE_CONTACT	PERFORM	RECORD
rinse	WASH_CLEAN
riot	OPPOSE_REBEL_DISSENT
rip	TRAVEL	CUT	STEAL_DEPRIVE
ripen	GROW_PLOW
ripple	MOVE-SOMETHING
rise	INCREASE_ENLARGE_MULTIPLY
risk	RISK
rival	COMPETE
rivet	FOCUS
roam	TRAVEL
roar	GO-FORWARD	MAKE-A-SOUND
roast	JOKE
rob	STEAL_DEPRIVE
robe	DRESS_WEAR
rock	MOVE-ONESELF
rocket	INCREASE_ENLARGE_MULTIPLY
roil	MOVE-ONESELF
roll	ROLL	INSERT
romance	ALLY_ASSOCIATE_MARRY
romp	RUN
roost	LIE
root	FOLLOW_SUPPORT_SPONSOR_FUND	GROUND_BASE_FOUND	EXTRACT
rot	DESTROY
rotate	ALTERNATE	TURN_CHANGE-DIRECTION
round	GROUP	FINISH_CONCLUDE_END
route	SEND
row	MOVE-SOMETHING
rub	TOUCH
rue	REGRET_SORRY
ruffle	MOVE-ONESELF
ruin	DESTROY
rule	PRECLUDE_FORBID_EXPEL	LEAD_GOVERN	DECREE_DECLARE
rumble	MAKE-A-SOUND
ruminate	THINK
rumor	SPEAK
run	CONSUME_SPEND	AMASS	MOVE-SOMETHING	COST	MEET	RUN	OPERATE	EXTEND	RISK	SHOW
rupture	SEPARATE_FILTER_DETACH
rush	RUN
rust	CORRODE_WEAR-AWAY_SCRATCH
rusticate	CHANGE-APPEARANCE/STATE
sabotage	DESTROY
sack	DISMISS_FIRE-SMN
sacrifice	GIVE_GIFT
sadden	CAUSE-MENTAL-STATE
saddle	BURDEN_BEAR
safeguard	PROTECT
sag	FALL_SLIDE-DOWN
sail	MOVE-BY-MEANS-OF
salt	COOK
salute	APPROVE_PRAISE
salvage	HELP_HEAL_CARE_CURE
sample	TRY
sanctify	COMMUNE
sanction	APPROVE_PRAISE
sandwich	INSERT
sanitize	WASH_CLEAN
sap	CONSUME_SPEND
satirize	JOKE
satisfy	CAUSE-MENTAL-STATE	PERSUADE
saturate	FILL
save	RETAIN_KEEP_SAVE-MONEY	HELP_HEAL_CARE_CURE
savor	ENJOY
say	DISCOURSE-FUNCTION	AFFIRM
scald	BURN
scale	RAISE	CHANGE-APPEARANCE/STATE
scamper	RUN
scan	ANALYZE
scandalize	CAUSE-MENTAL-STATE
scapegoat	ACCUSE
scar	HURT_HARM_ACHE
scare	CAUSE-MENTAL-STATE
scarf	EAT_BITE
scatter	COVER_SPREAD_SURMOUNT
scavenge	GROUP
schedule	PLAN_SCHEDULE
scheme	ORGANIZE
scoff	LAUGH
scold	REPRIMAND
scoop	REMOVE_TAKE-AWAY_KIDNAP
scoot	RUN
scorch	BURN
score	CREATE_MATERIALIZE	SCORE
scorn	DISLIKE
scotch	PRECLUDE_FORBID_EXPEL
scour	SEARCH
scout	SEARCH
scowl	FACIAL-EXPRESSION
scrabble	FEEL
scramble	TRY	RUN
scrap	QUARREL_POLEMICIZE	DISCARD
scrape	RETAIN_KEEP_SAVE-MONEY
scratch	CORRODE_WEAR-AWAY_SCRATCH	WRITE	SEARCH
scream	SPEAK
screech	STOP	MAKE-A-SOUND
screen	ANALYZE	PROTECT	SHOW
screw	MESS	SECURE_FASTEN_TIE
scribble	WRITE
scrimp	CONTINUE
script	CREATE_MATERIALIZE
scriptwrite	CREATE_MATERIALIZE
scrounge	SEARCH
scrub	WASH_CLEAN
scrutinize	ANALYZE
scuffle	FIGHT
sculpt	CAVE_CARVE
scurry	RUN
scuttle	DIP_DIVE	RUN
seal	CLOSE
search	SEARCH
season	COOK
seat	ASSIGN-smt-to-smn
secede	DISBAND_BREAK-UP
secrete	EXCRETE
secularize	CHANGE_SWITCH
secure	GUARANTEE_ENSURE_PROMISE	OBTAIN
sedate	MAKE-RELAX
seduce	PERSUADE
see	DISCOURSE-FUNCTION	SEE	VERIFY	ACCOMPANY
seed	BURY_PLANT
seek	SEARCH
seem	SEEM
seep	FLOW
seesaw	MOVE-ONESELF
seethe	CAUSE-MENTAL-STATE
segment	SEPARATE_FILTER_DETACH
segregate	SEPARATE_FILTER_DETACH
seize	CATCH
select	CHOOSE
sell	BETRAY	SELL
send	ASK_REQUEST	INCITE_INDUCE	DIRECT_AIM_MANEUVER	SEND
sense	PERCEIVE
sensitize	TEACH
sentence	DECREE_DECLARE
separate	SEPARATE_FILTER_DETACH
sequester	ISOLATE
serve	WORK	GIVE_GIFT	NOURISH_FEED
service	HAVE-A-FUNCTION_SERVE
set	COMPENSATE	PREPARE	EXPLODE	LEAVE_DEPART_RUN-AWAY	BEGIN	PUT_APPLY_PLACE_PAVE	DISAPPEAR	ESTABLISH
settle	SETTLE_CONCILIATE	FINISH_CONCLUDE_END	MAKE-RELAX
sever	CUT
sew	SECURE_FASTEN_TIE
shackle	STOP
shade	CLOUD_SHADOW_HIDE
shadow	FOLLOW-IN-SPACE
shag	CATCH
shake	DISCARD	MOVE-ONESELF
shame	OBLIGE_FORCE	OFFEND_DISESTEEM
shampoo	WASH_CLEAN
shape	SHAPE	SEEM	AMELIORATE
share	SHARE
sharpen	SHARPEN
shatter	BREAK_DETERIORATE
shave	CUT
shear	CUT
shed	SPILL_POUR	REDUCE_DIMINISH	DISCARD
shell	GIVE_GIFT	ATTACK_BOMB
shelter	TAKE-SHELTER
shelve	PUT_APPLY_PLACE_PAVE
shepherd	WATCH_LOOK-OUT
shield	PROTECT
shift	CHANGE_SWITCH
shimmer	GO-FORWARD	LIGHT_SHINE
shimmy	DANCE
shine	EXIST-WITH-FEATURE	LIGHT_SHINE
ship	CARRY_TRANSPORT
shirk	ABSTAIN_AVOID_REFRAIN
shit	EXCRETE
shiver	MOVE-ONESELF
shock	CAUSE-MENTAL-STATE
shoehorn	PREPARE
shoo	DRIVE-BACK
shoot	THROW	ANSWER	KILL	RECORD	KNOCK-DOWN	SPEAK	RUN
shop	SELL	SEARCH
shore	STABILIZE_SUPPORT-PHYSICALLY	LAND_GET-OFF
short-circuit	MESS
short	MESS	SELL
shorten	REDUCE_DIMINISH
shoulder	CARRY_TRANSPORT
shout	SPEAK
shove	PRESS_PUSH_FOLD
shovel	EXTRACT
show	APPEAR	SHOW
shower	THROW	CELEBRATE_PARTY
shpritz	SPILL_POUR
shred	CUT
shriek	MAKE-A-SOUND
shrink	REDUCE_DIMINISH
shrivel	REDUCE_DIMINISH
shroud	COVER_SPREAD_SURMOUNT
shrug	DEBASE_ADULTERATE	SPEAK	SIGN
shudder	MOVE-ONESELF
shuffle	MESS	GO-FORWARD
shun	ABSTAIN_AVOID_REFRAIN
shunt	CARRY_TRANSPORT
shut	SWITCH-OFF_TURN-OFF_SHUT-DOWN	STOP	ISOLATE	CLOSE	MAKE-A-SOUND
shutter	CLOSE
shuttle	GO-FORWARD	DISCARD
shy	ABSTAIN_AVOID_REFRAIN
sicken	CONTRACT-AN-ILLNESS_INFECT
side	FOLLOW_SUPPORT_SPONSOR_FUND
sidestep	ABSTAIN_AVOID_REFRAIN
sidetrack	DIVERSIFY
sift	SEPARATE_FILTER_DETACH
sigh	BREATH_BLOW	SPEAK
sight	SEE
sightsee	VISIT
sign	ALLY_ASSOCIATE_MARRY	AGREE_ACCEPT	WRITE	HIRE
signal	SIGN
signify	MEAN
silence	MAKE-A-SOUND
silt	STOP
simmer	COOK
simplify	SIMPLIFY
simulate	SIMULATE
sin	VIOLATE
sing	SING
single	CHOOSE
sink	DIP_DIVE
sip	DRINK
siphon	EMPTY_UNLOAD	MOVE-SOMETHING
sit	REPLACE	LIE	ABSTAIN_AVOID_REFRAIN
situate	PUT_APPLY_PLACE_PAVE
size	ANALYZE
sizzle	MAKE-A-SOUND
sketch	SUMMARIZE
skew	INFLUENCE
ski	TRAVEL
skid	GO-FORWARD
skim	GO-FORWARD	REMOVE_TAKE-AWAY_KIDNAP
skimp	LOAD_PROVIDE_CHARGE_FURNISH
skip	LEAVE_DEPART_RUN-AWAY	MISS_OMIT_LACK
skipper	WORK
skirmish	FIGHT
skirt	ENCLOSE_WRAP	ABSTAIN_AVOID_REFRAIN
skulk	TRAVEL
skydive	FALL_SLIDE-DOWN
skyrocket	INCREASE_ENLARGE_MULTIPLY
slack	UNFASTEN_UNFOLD
slacken	SLOW-DOWN
slam	THROW	HIT
slant	INCLINE
slap	HIT
slash	CUT	REDUCE_DIMINISH
slate	PLAN_SCHEDULE
slather	PUT_APPLY_PLACE_PAVE
slaughter	KILL
slay	KILL
sleep	HAVE-SEX	SLEEP	STAY_DWELL
slice	CUT
slide	GO-FORWARD	MOVE-SOMETHING
slim	REDUCE_DIMINISH
sling	MOVE-SOMETHING
slip	GO-FORWARD	REDUCE_DIMINISH	INSERT	GIVE_GIFT
slither	OVERCOME_SURPASS
sliver	BREAK_DETERIORATE
slog	MOVE-ONESELF
slope	GO-FORWARD
slosh	THROW
slow	REDUCE_DIMINISH	SLOW-DOWN
slug	DISCUSS	HIT
slump	FALL_SLIDE-DOWN
smack	EXIST-WITH-FEATURE
smart	HURT_HARM_ACHE
smash	DESTROY	HIT
smear	ACCUSE	COVER_SPREAD_SURMOUNT
smell	ODORIZE	SMELL
smile	LAUGH
smoke	BREATH_BLOW	EMIT	COOK
smolder	BURN
smooth	SETTLE_CONCILIATE	FLATTEN_SMOOTHEN	UNFASTEN_UNFOLD
smother	KILL
smuggle	CARRY_TRANSPORT
snag	OBTAIN
snake	GO-FORWARD
snap	BUY	BREAK_DETERIORATE	MOVE-SOMETHING	MAKE-A-SOUND	SPEAK
snatch	CATCH
sneak	MOVE-ONESELF
sneeze	BREATH_BLOW
sniff	SMELL	FIND	SPEAK
snipe	SHOOT_LAUNCH_PROPEL
snitch	STEAL_DEPRIVE
snivel	SPEAK
snoop	SEE
snore	BREATH_BLOW
snorkel	DIP_DIVE
snort	MAKE-A-SOUND
snow	METEOROLOGICAL
snowball	INCREASE_ENLARGE_MULTIPLY
snub	REFUSE
soak	ABSORB	WET
soar	INCREASE_ENLARGE_MULTIPLY	FLY
sob	CRY
sober	HELP_HEAL_CARE_CURE
socialize	PARTICIPATE	CHANGE_SWITCH
sock	RETAIN_KEEP_SAVE-MONEY
soften	REDUCE_DIMINISH
soil	DIRTY
solicit	ASK_REQUEST
solidify	CHANGE-APPEARANCE/STATE
solve	SOLVE
soothe	MAKE-RELAX
sort	SORT_CLASSIFY_ARRANGE	PERCEIVE
soulsearch	THINK
sound	EXIST-WITH-FEATURE	PERFORM	SPEAK
sour	CHANGE-TASTE
source	LOAD_PROVIDE_CHARGE_FURNISH	OBTAIN
sow	BURY_PLANT
space	FORGET
span	EXTEND
spar	FIGHT
spare	GIVE-UP_ABOLISH_ABANDON	EXEMPT
spark	AROUSE_WAKE_ENLIVEN
spawn	CREATE_MATERIALIZE
speak	SPEAK
spearhead	LEAD_GOVERN
specialize	WORK
specify	EXPLAIN
speculate	THINK
speed	SPEED-UP	RUN
spell	SIGNAL_INDICATE	SPEAK	EXPLAIN
spend	SPEND-TIME_PASS-TIME	CONSUME_SPEND
spew	EXCRETE
spike	KILL
spill	LEAVE_DEPART_RUN-AWAY	EMPTY_UNLOAD
spin	CREATE_MATERIALIZE	MOVE-ONESELF	WEAVE
spiral	GO-FORWARD
spirit	AROUSE_WAKE_ENLIVEN
spit	EXCRETE
splash	BUY	WET
split	SEPARATE_FILTER_DETACH	DISBAND_BREAK-UP
spoil	SPOIL
sponsor	FOLLOW_SUPPORT_SPONSOR_FUND
spook	CAUSE-MENTAL-STATE
sport	DRESS_WEAR
spot	SEE
spotlight	EMPHASIZE
spout	GO-FORWARD	SPEAK
sprain	HURT_HARM_ACHE
sprawl	LIE
spray	COVER_SPREAD_SURMOUNT
spread	COVER_SPREAD_SURMOUNT	CIRCULATE_SPREAD_DISTRIBUTE
spring	BEGIN
sprinkle	WET
sprout	GROW_PLOW
spruce	EMBELLISH
spur	AMELIORATE
spurn	REFUSE
spurt	GO-FORWARD
sputter	MAKE-A-SOUND
spy	SEE
squabble	ARGUE-IN-DEFENSE
squander	WASTE
square	COMPETE	MATCH
squat	LIE	STAY_DWELL
squeak	TRY
squeegee	WASH_CLEAN
squeeze	OBLIGE_FORCE	REDUCE_DIMINISH	PRESS_PUSH_FOLD
squelch	SUBJUGATE
squint	FACIAL-EXPRESSION
squirm	MOVE-ONESELF
stab	CUT
stabilize	STABILIZE_SUPPORT-PHYSICALLY
stack	EXIST-WITH-FEATURE	AMASS
staff	LOAD_PROVIDE_CHARGE_FURNISH
stage	CARRY-OUT-ACTION
stagger	TRAVEL
stagnate	STOP
stain	DIRTY
stake	ASK_REQUEST
stalk	HUNT
stall	FINISH_CONCLUDE_END	DELAY
stamp	APPROVE_PRAISE	FINISH_CONCLUDE_END	ATTACH	REPRESENT	TRAVEL
stampede	MOVE-SOMETHING
stanch	STOP
stand	RAISE	STOP	GIVE-UP_ABOLISH_ABANDON	STAY_DWELL	TOLERATE	MEAN	EXIST-WITH-FEATURE	WAIT	PUT_APPLY_PLACE_PAVE
standardize	ADJUST_CORRECT
staple	ATTACH
star	PERFORM
stare	SEE	OVERCOME_SURPASS
start	LEAVE_DEPART_RUN-AWAY	BEGIN	SPEAK
startle	JUMP
starve	HURT_HARM_ACHE
stash	CLOUD_SHADOW_HIDE	RETAIN_KEEP_SAVE-MONEY
state	SPEAK
station	PUT_APPLY_PLACE_PAVE
stave	ABSTAIN_AVOID_REFRAIN
stay	REMAIN	STAY_DWELL	STOP
steady	STABILIZE_SUPPORT-PHYSICALLY
steal	STEAL_DEPRIVE
steam	EMIT	COOK	GO-FORWARD
steamroller	CAUSE-SMT
steel	PREPARE
steep	DIP_DIVE
steer	DIRECT_AIM_MANEUVER	ABSTAIN_AVOID_REFRAIN
stem	STOP	COME-FROM
step	INCREASE_ENLARGE_MULTIPLY	GO-FORWARD	PARTICIPATE	RESIGN_RETIRE
sterilize	WASH_CLEAN
stew	CAUSE-MENTAL-STATE	COOK
stick	ARGUE-IN-DEFENSE	ATTACH	BULGE-OUT	STAY_DWELL
stiffen	CHANGE-APPEARANCE/STATE
stifle	STOP
stimulate	INCITE_INDUCE
sting	HURT_HARM_ACHE
stink	ODORIZE
stipulate	EXPLAIN
stir	CAUSE-MENTAL-STATE	CREATE_MATERIALIZE	COMBINE_MIX_UNITE	MOVE-ONESELF
stitch	SECURE_FASTEN_TIE
stock	LOAD_PROVIDE_CHARGE_FURNISH	RETAIN_KEEP_SAVE-MONEY
stockpile	LOAD_PROVIDE_CHARGE_FURNISH
stoke	INCREASE_ENLARGE_MULTIPLY
stomach	EAT_BITE
stomp	TRAVEL
stone	USE	KILL
stonewall	DELAY
stoop	LOWER
stop	STOP	CLOSE	VISIT
store	RETAIN_KEEP_SAVE-MONEY
storm	ATTACK_BOMB
stow	FILL
straddle	LIE
strafe	ATTACK_BOMB
straighten	ADJUST_CORRECT	STRAIGHTEN
strain	SEPARATE_FILTER_DETACH	HURT_HARM_ACHE	TRY	BREAK_DETERIORATE
strand	GIVE-UP_ABOLISH_ABANDON
strangle	KILL
strap	REQUIRE_NEED_WANT_HOPE	SECURE_FASTEN_TIE
strategize	PLAN_SCHEDULE
stray	TRAVEL
streak	GO-FORWARD
stream	FLOW
streamline	SIMPLIFY
strengthen	STRENGTHEN_MAKE-RESISTANT
stress	CAUSE-MENTAL-STATE	EMPHASIZE
stretch	EXTEND
strew	CIRCULATE_SPREAD_DISTRIBUTE
stride	TRAVEL
strike	DRIVE-BACK	KNOCK-DOWN	SEEM	CANCEL_ELIMINATE	BEGIN	OPPOSE_REBEL_DISSENT	HIT	BEHAVE
strip	REMOVE_TAKE-AWAY_KIDNAP
strive	TRY
stroke	TOUCH
stroll	MOVE-ONESELF
structure	SORT_CLASSIFY_ARRANGE
struggle	FIGHT	TRY
stub	HIT
stud	LOAD_PROVIDE_CHARGE_FURNISH
study	ANALYZE
stuff	FILL
stumble	FALL_SLIDE-DOWN
stump	CAUSE-MENTAL-STATE
stun	CAUSE-MENTAL-STATE
stunt	STOP
style	EMBELLISH
stymie	STOP
subcontract	HIRE
subdivide	SEPARATE_FILTER_DETACH
subdue	SUBJUGATE
subject	CAUSE-SMT
sublet	LEND
sublimate	CHANGE-APPEARANCE/STATE
submerge	DIP_DIVE
submit	GIVE_GIFT
subordinate	SUBJUGATE
subpoena	SUMMON
subscribe	PAY	OFFER
subside	REDUCE_DIMINISH
subsidize	FOLLOW_SUPPORT_SPONSOR_FUND
substantiate	PROVE
substitute	REPLACE
subsume	INCLUDE-AS
subtitle	NAME
subtract	REMOVE_TAKE-AWAY_KIDNAP
subvert	DESTROY
succeed	ACHIEVE	COME-AFTER_FOLLOW-IN-TIME
succumb	FAIL_LOSE
suck	ATTRACT_SUCK	MANAGE
sue	ACCUSE
suffer	HURT_HARM_ACHE
suffice	EXIST-WITH-FEATURE
suffocate	KILL
suggest	PROPOSE
suit	FIT	HARMONIZE
sully	DIRTY
sum	SUMMARIZE
summarize	SUMMARIZE
summon	AROUSE_WAKE_ENLIVEN	SUMMON
sunbathe	SHOW
super	COVER_SPREAD_SURMOUNT
superimpose	COVER_SPREAD_SURMOUNT
supersede	REPLACE
supervise	WATCH_LOOK-OUT
supplant	REPLACE
supplement	ADD
supply	LOAD_PROVIDE_CHARGE_FURNISH
support	HELP_HEAL_CARE_CURE
suppose	BELIEVE
suppress	PRECLUDE_FORBID_EXPEL
surface	RAISE	COVER_SPREAD_SURMOUNT
surge	INCREASE_ENLARGE_MULTIPLY
surmise	BELIEVE
surmount	COVER_SPREAD_SURMOUNT
surpass	OVERCOME_SURPASS
surprise	CAUSE-MENTAL-STATE
surrender	GIVE-UP_ABOLISH_ABANDON
surround	ENCLOSE_WRAP
surveil	WATCH_LOOK-OUT
survey	ANALYZE
survive	OVERCOME_SURPASS
suspect	BELIEVE
suspend	STOP	HANG
sustain	UNDERGO-EXPERIENCE	EXTEND
swallow	EAT_BITE
swamp	WET
swap	REPLACE
swathe	DRESS_WEAR
sway	GO-FORWARD	PERSUADE
swear	GUARANTEE_ENSURE_PROMISE	OFFEND_DISESTEEM	AFFIRM
sweat	CONTINUE	REDUCE_DIMINISH	EXCRETE
sweep	FOLLOW_SUPPORT_SPONSOR_FUND	GO-FORWARD	REMOVE_TAKE-AWAY_KIDNAP
sweeten	CHANGE-TASTE
swell	INCREASE_ENLARGE_MULTIPLY
swerve	TURN_CHANGE-DIRECTION
swim	DIP_DIVE
swindle	STEAL_DEPRIVE
swing	ALTERNATE	GO-FORWARD	MAKE-A-SOUND	MOVE-SOMETHING
swirl	TRAVEL
switch	REPLACE	CHANGE_SWITCH
swivel	MOVE-ONESELF
swoon	CAUSE-MENTAL-STATE
swoop	GO-FORWARD	CATCH
symbolize	REPRESENT
sympathize	CAUSE-MENTAL-STATE
synchronize	HAPPEN_OCCUR
syncopate	PERFORM
syndicate	GIVE_GIFT
synthesize	CREATE_MATERIALIZE
systematize	SORT_CLASSIFY_ARRANGE
taboo	PRECLUDE_FORBID_EXPEL
tabulate	SORT_CLASSIFY_ARRANGE
tack	ATTACH	INCREASE_ENLARGE_MULTIPLY
tackle	FACE_CHALLENGE
tag	ATTACH
tail	CHASE
tailgate	FOLLOW-IN-SPACE
tailor	HARMONIZE
taint	CONTRACT-AN-ILLNESS_INFECT
taiwanize	CHANGE-APPEARANCE/STATE
take	RECOGNIZE_ADMIT_IDENTIFY	USE	CATCH	REPLACE	TAKE	REMOVE_TAKE-AWAY_KIDNAP	LIKE	TAKE-SHELTER	INCREASE_ENLARGE_MULTIPLY	BRING	TOLERATE	FACE_CHALLENGE	HAPPEN_OCCUR	INTERPRET	CAUSE-MENTAL-STATE	LEAVE_DEPART_RUN-AWAY	DESTROY	REQUIRE_NEED_WANT_HOPE
talk	PERSUADE	SPEAK
tally	COUNT
tame	TEACH
tamper	VIOLATE
tan	COLOR
tangle	MESS
tango	DANCE
tank	ACHIEVE
tap	ASK_REQUEST	HIT	SEARCH
tape	ATTACH	RECORD
taper	REDUCE_DIMINISH
tar	COVER_SPREAD_SURMOUNT
target	DIRECT_AIM_MANEUVER
tarnish	DIRTY
taste	EXIST-WITH-FEATURE	TASTE
taunt	OFFEND_DISESTEEM
tax	CHARGE
taxi	TRAVEL
teach	TEACH
team	GROUP
tear	SEPARATE_FILTER_DETACH	CUT	FLATTEN_SMOOTHEN	CRY	RUN
tease	CAUSE-MENTAL-STATE	FIND
tee	HIT
teem	EXIST-WITH-FEATURE
telegraph	SEND
telephone	COMMUNICATE_CONTACT
televise	TRANSMIT
telework	WORK
tell	RECOGNIZE_ADMIT_IDENTIFY	BETRAY	SPEAK
temper	REDUCE_DIMINISH
tempt	AROUSE_WAKE_ENLIVEN
tend	MANAGE	BEHAVE
tender	OFFER
tenure	ASSIGN-smt-to-smn
term	NAME
terminate	FINISH_CONCLUDE_END	DISMISS_FIRE-SMN
terrify	CAUSE-MENTAL-STATE
test	VERIFY
testify	GUARANTEE_ENSURE_PROMISE
thank	APPROVE_PRAISE
thatch	COVER_SPREAD_SURMOUNT
thaw	CONVERT
theorize	THINK
thicken	CHANGE-APPEARANCE/STATE
thin	REDUCE_DIMINISH
think	THINK	CREATE_MATERIALIZE
thrash	DISCUSS	TRAVEL	HIT
thread	TRAVEL
threaten	ENDANGER
thrill	AROUSE_WAKE_ENLIVEN
thrive	AMELIORATE
throb	MOVE-ONESELF
throng	AMASS
throttle	RESTRAIN
throw	THROW	EXCRETE	ADD	DISCARD	ORGANIZE
thrust	PRESS_PUSH_FOLD
thumb	ANALYZE	JOKE
thunder	SPEAK
thwap	HIT
thwart	ABSTAIN_AVOID_REFRAIN
tick	CAUSE-MENTAL-STATE	MAKE-A-SOUND	EXPLAIN
ticket	DECREE_DECLARE
tickle	AROUSE_WAKE_ENLIVEN
tidy	SORT_CLASSIFY_ARRANGE
tie	OBLIGE_FORCE	JOIN_CONNECT	PARTICIPATE	SCORE	SECURE_FASTEN_TIE
tighten	RESTRAIN	TIGHTEN
till	GROW_PLOW
tilt	INCLINE
time	ADJUST_CORRECT
tincture	COLOR
tinker	WORK
tip	INVERT_REVERSE	GIVE_GIFT	INCLINE	INFORM
tiptoe	MOVE-ONESELF
tire	EXHAUST
title	NAME
toast	CELEBRATE_PARTY
toil	WORK
tolerate	TOLERATE
toll	MAKE-A-SOUND	CHARGE
tone	REDUCE_DIMINISH
toot	MAKE-A-SOUND
top	COVER_SPREAD_SURMOUNT	OVERCOME_SURPASS
topple	FALL_SLIDE-DOWN
torch	DESTROY
torment	HURT_HARM_ACHE
torpedo	DESTROY
torture	HURT_HARM_ACHE
toss	THROW	DISCARD	SPEAK
total	REACH	ADD
tote	REACH	CARRY_TRANSPORT
totter	TRAVEL	MOVE-ONESELF
touch	TOUCH	AROUSE_WAKE_ENLIVEN	REFER	EMBELLISH
toughen	STRENGTHEN_MAKE-RESISTANT
tour	VISIT
tout	PUBLICIZE
tow	PULL
tower	OVERCOME_SURPASS
toy	BEHAVE
trace	COPY	FOLLOW-IN-SPACE
track	FIND	MATCH	CHASE
trade	REPLACE
traduce	OFFEND_DISESTEEM
trail	FINISH_CONCLUDE_END	CHASE
train	DIRECT_AIM_MANEUVER	TEACH
traipse	TRAVEL
tramp	TRAVEL
trample	HURT_HARM_ACHE
tranquilize	MAKE-RELAX
transact	ALLY_ASSOCIATE_MARRY
transcend	OVERCOME_SURPASS
transcribe	WRITE
transfer	TRANSMIT
transform	CHANGE-APPEARANCE/STATE
transgress	VIOLATE
transit	TRAVEL
transition	CHANGE_SWITCH
translate	TRANSLATE
transmit	TRANSMIT
transmogrify	CHANGE-APPEARANCE/STATE
transpire	HAPPEN_OCCUR
transplant	MOVE-SOMETHING
transport	CARRY_TRANSPORT
trap	CATCH
trash	DISCARD
traumatize	HURT_HARM_ACHE
travel	GO-FORWARD
traverse	EXTEND
tread	PRESS_PUSH_FOLD
treasure	LIKE
treat	LOAD_PROVIDE_CHARGE_FURNISH	TREAT	SPEAK	HELP_HEAL_CARE_CURE	PREPARE
treble	INCREASE_ENLARGE_MULTIPLY
trek	GO-FORWARD
tremble	MOVE-ONESELF
trend	EXIST-WITH-FEATURE
trespass	VIOLATE
trick	DECEIVE
trickle	FLOW
trigger	AROUSE_WAKE_ENLIVEN
trim	CUT	REDUCE_DIMINISH
trip	AROUSE_WAKE_ENLIVEN
triple	INCREASE_ENLARGE_MULTIPLY
triumph	WIN
trivialize	DOWNPLAY_HUMILIATE
trot	MOVE-BY-MEANS-OF	SHOW
trouble	CAUSE-MENTAL-STATE
trounce	DEFEAT
truck	CARRY_TRANSPORT
trudge	MOVE-ONESELF
trump	WIN
trumpet	SPEAK
trundle	TRAVEL
trust	GIVE_GIFT	RELY
try	SUBJECTIVE-JUDGING	VERIFY	TRY
tuck	DECREE_DECLARE	INSERT
tug	PULL
tumble	FALL_SLIDE-DOWN
tune	ADJUST_CORRECT
turn	MOUNT_ASSEMBLE_PRODUCE	APPEAR	GIVE_GIFT	REPLACE	CHANGE-APPEARANCE/STATE	DRIVE-BACK	PROVE	IMPLY	OPERATE	SWITCH-OFF_TURN-OFF_SHUT-DOWN	EARN	TURN_CHANGE-DIRECTION	REFUSE
tutor	TEACH
twiddle	TRAVEL
twirl	TRAVEL
twist	SHAPE
twitch	MOVE-ONESELF
type	TYPE
typify	REPRESENT
tyrannize	LEAD_GOVERN
unblock	UNFASTEN_UNFOLD
unburden	REMOVE_TAKE-AWAY_KIDNAP
uncap	REMOVE_TAKE-AWAY_KIDNAP
uncover	FIND
undercut	PRECLUDE_FORBID_EXPEL
underestimate	CALCULATE_ESTIMATE
undergo	UNDERGO-EXPERIENCE
underinflate	INCREASE_ENLARGE_MULTIPLY
underlie	GROUND_BASE_FOUND
underline	EMPHASIZE
undermine	WEAKEN
underperform	FAIL_LOSE
underpin	HELP_HEAL_CARE_CURE
underprice	SELL
underscore	EMPHASIZE
undersell	SELL
understand	UNDERSTAND
understate	DOWNPLAY_HUMILIATE
undertake	FACE_CHALLENGE
underuse	USE
underutilize	USE
undervalue	CALCULATE_ESTIMATE
underwrite	FOLLOW_SUPPORT_SPONSOR_FUND
undo	RESTORE-TO-PREVIOUS/INITIAL-STATE_UNDO_UNWIND
undulate	MOVE-SOMETHING
unearth	SHOW
unfold	OPEN	DEVELOP_AGE
unhinge	CAUSE-MENTAL-STATE	REMOVE_TAKE-AWAY_KIDNAP
unify	COMBINE_MIX_UNITE
unionize	ALLY_ASSOCIATE_MARRY
unite	ALLY_ASSOCIATE_MARRY
unleash	LIBERATE_ALLOW_AFFORD
unload	CANCEL_ELIMINATE	EMPTY_UNLOAD
unlock	UNFASTEN_UNFOLD
unmask	REVEAL
unnerve	CAUSE-MENTAL-STATE
unpack	SHOW
unplug	SWITCH-OFF_TURN-OFF_SHUT-DOWN
unravel	RESTORE-TO-PREVIOUS/INITIAL-STATE_UNDO_UNWIND
unroll	UNFASTEN_UNFOLD
unseal	OPEN
unseat	REMOVE_TAKE-AWAY_KIDNAP
unsettle	CAUSE-MENTAL-STATE
unshackle	LIBERATE_ALLOW_AFFORD
unstable	MESS
untie	LIBERATE_ALLOW_AFFORD
unveil	SHOW
unwind	STRAIGHTEN
up	INCREASE_ENLARGE_MULTIPLY
update	AMELIORATE
upgrade	REPLACE	AMELIORATE
uphold	ARGUE-IN-DEFENSE
uplift	RAISE
upload	TRANSMIT
uproot	EXTRACT
upset	MESS	CAUSE-MENTAL-STATE
urge	OBLIGE_FORCE
use	CONSUME_SPEND	USE	MODAL	BEHAVE
usher	BEGIN	DIRECT_AIM_MANEUVER
usurp	STEAL_DEPRIVE
utilize	USE
utter	SPEAK
vacate	RESIGN_RETIRE
vacation	TRAVEL
vacillate	COMPARE
vacuum	WASH_CLEAN
validate	AUTHORIZE_ADMIT
value	CALCULATE_ESTIMATE
vandalize	DESTROY
vanish	DISAPPEAR
vanquish	DEFEAT
vaporize	CONVERT
vary	DIVERSIFY
vault	JUMP
vaunt	BEHAVE
veer	TURN_CHANGE-DIRECTION
veil	CLOUD_SHADOW_HIDE
vend	SELL
venerate	CAUSE-MENTAL-STATE
vent	AIR
ventilate	REPAIR_REMEDY
venture	RISK	GUESS
verbalize	SPEAK
verge	ARRIVE
verify	VERIFY
verse	LEARN
vest	ASSIGN-smt-to-smn
vet	ANALYZE
veto	PRECLUDE_FORBID_EXPEL
vex	CAUSE-MENTAL-STATE
vibrate	MOVE-ONESELF
victimize	PUNISH
videotape	RECORD
vie	COMPETE
view	SUBJECTIVE-JUDGING	SEE
vindicate	ARGUE-IN-DEFENSE
violate	VIOLATE
visit	MEET
visualize	IMAGINE
vitiate	DEBASE_ADULTERATE
voice	SPEAK
void	CANCEL_ELIMINATE
volunteer	OFFER
vomit	EXCRETE
vote	CANCEL_ELIMINATE	CHOOSE
vouch	GUARANTEE_ENSURE_PROMISE
vow	GUARANTEE_ENSURE_PROMISE
wade	GO-FORWARD
waffle	STOP
waft	AIR
wag	MOVE-SOMETHING
wage	FACE_CHALLENGE
wail	CRY
wait	WORK	WAIT	OVERCOME_SURPASS
waive	GIVE-UP_ABOLISH_ABANDON
wake	AROUSE_WAKE_ENLIVEN
walk	GO-FORWARD	SCORE	MOVE-ONESELF
wall	SEPARATE_FILTER_DETACH
wallow	CAUSE-MENTAL-STATE
wander	TRAVEL
wane	REDUCE_DIMINISH
want	REQUIRE_NEED_WANT_HOPE
war	ATTACK_BOMB
ward	DRIVE-BACK
warm	HEAT	PREPARE
warn	WARN
warp	BEND
warrant	JUSTIFY_EXCUSE
wash	WASH_CLEAN	CARRY_TRANSPORT	EXIST-WITH-FEATURE
waste	WASTE
watch	WATCH_LOOK-OUT	SEE
water	WEAKEN	WET
wave	SIGNAL_INDICATE
waver	TRAVEL
wax	COVER_SPREAD_SURMOUNT	CHANGE_SWITCH
weaken	WEAKEN
wean	REMOVE_TAKE-AWAY_KIDNAP
weaponize	HAVE-A-FUNCTION_SERVE
wear	SPEND-TIME_PASS-TIME	CORRODE_WEAR-AWAY_SCRATCH	REDUCE_DIMINISH	EXHAUST	DRESS_WEAR
weary	EXHAUST
weather	OVERCOME_SURPASS
weave	TRAVEL	WEAVE
wed	ALLY_ASSOCIATE_MARRY
wedge	PRESS_PUSH_FOLD
weep	CRY
weigh	GIVE_GIFT	COMPARE	BURDEN_BEAR	MEASURE_EVALUATE
weight	INFLUENCE
welcome	AGREE_ACCEPT
weld	JOIN_CONNECT
well	BEGIN
wet	WET
whack	DISCARD	HIT
wheel	CARRY_TRANSPORT
wheeze	BREATH_BLOW
while	SPEND-TIME_PASS-TIME
whine	MAKE-A-SOUND
whip	AROUSE_WAKE_ENLIVEN	TAKE	HIT
whipsaw	MOVE-ONESELF
whir	MAKE-A-SOUND
whirr	MAKE-A-SOUND
whisk	RUN
whisper	SPEAK
whistle	MAKE-A-SOUND
whiten	COLOR
whittle	CUT
wholesale	SELL
whoop	SHOUT
whoosh	MOVE-ONESELF
whore	HAVE-SEX
wick	ABSORB
widen	INCREASE_ENLARGE_MULTIPLY
widow	CAUSE-SMT
wield	CATCH
wiggle	MOVE-SOMETHING
will	GIVE_GIFT
wilt	WEAKEN
win	WIN	PERSUADE
wince	FACIAL-EXPRESSION
wind	RESULT_CONSEQUENCE	FINISH_CONCLUDE_END	ROLL
wink	SIGNAL_INDICATE
wipe	CONSUME_SPEND	CORRODE_WEAR-AWAY_SCRATCH	MOVE-SOMETHING
wire	SECURE_FASTEN_TIE	SEND
wish	REQUIRE_NEED_WANT_HOPE
withdraw	MOVE-BACK
wither	SPOIL
withhold	REFUSE
withstand	RESIST
witness	SEE
wobble	MOVE-ONESELF
wolf	EAT_BITE
womanize	COURT
wonder	THINK
woo	COURT
word	SPEAK
work	MOUNT_ASSEMBLE_PRODUCE	OPERATE	BREAK_DETERIORATE	REACH	WORK	GO-FORWARD	PREPARE
worry	CAUSE-MENTAL-STATE
worsen	WORSEN
worship	APPROVE_PRAISE
wound	HURT_HARM_ACHE
wow	CAUSE-MENTAL-STATE
wrack	DESTROY
wrangle	QUARREL_POLEMICIZE
wrap	FINISH_CONCLUDE_END	ENCLOSE_WRAP
wreak	HAPPEN_OCCUR
wreck	DESTROY
wrench	PULL
wrest	CATCH
wrestle	FIGHT	TAKE	MOVE-ONESELF
wriggle	MOVE-ONESELF
wring	EXTRACT
write	RECOGNIZE_ADMIT_IDENTIFY	PUBLISH	WRITE	DEBASE_ADULTERATE
writhe	MOVE-ONESELF
wrong	TREAT
wrought	CHANGE_SWITCH
x-ray	ANALYZE
yank	PULL
yawn	MAKE-A-SOUND
yearn	REQUIRE_NEED_WANT_HOPE
yell	MAKE-A-SOUND
yield	CAUSE-SMT	GIVE-UP_ABOLISH_ABANDON	GENERATE
zag	GO-FORWARD
zap	KILL
zero	DIRECT_AIM_MANEUVER	DISCARD
zig	TRAVEL
zip	RUN
zone	DIVIDE
zoom	RUN
